generation,best_TOTFIT,gen_best_TOTFIT,d0p,d1p,d2p,dunp,ATT,F1,F2,F3
1,10.482758910866725,10.482758910866725,7.564118796525587,44.23752102834997,13.044952790446986,35.15340738467744,17.403851598422516,4.395157336574131,1.88252100047499,4.205080573817605
2,10.497682404972121,10.497682404972121,7.581127823957644,44.42107562620575,12.844389165159164,35.15340738467744,17.387002123913316,4.406729663820214,1.8858721673343033,4.205080573817605
3,10.547134544946951,10.547134544946951,7.67426502522503,44.7237784661742,12.584546242706818,35.01741026589397,17.353731507914354,4.428266672453591,1.8961309039422192,4.222736968551141
4,10.57521628423637,10.57521628423637,7.746570427494151,45.061701756869546,12.320101325878904,34.87162648975743,17.351445454288864,4.427371440295354,1.9061398078513512,4.241705036089666
5,10.605272680187941,10.605272680187941,7.730635181366248,45.11402697157683,12.421934101986826,34.73340374507009,17.333899029318093,4.437365111046689,1.9081789824372208,4.259728586704031
6,10.634119163690833,10.634119163690833,7.805297419786486,45.356364034461166,12.211537513209255,34.62680103254311,17.337307192035713,4.444100373862448,1.9163636465896787,4.273655143238705
7,10.644189887621652,10.644189887621652,7.863614399850646,45.63527779423463,11.770275341941655,34.730832463973044,17.298075392255566,4.462764392064075,1.9213612647116212,4.2600642308459555
8,10.66772622671817,10.66772622671817,7.945316233542725,45.726828680941416,11.606366588158172,34.72148849735767,17.286121252541665,4.480138035800249,1.926304126917313,4.261284064000606
9,10.713802320343667,10.713802320343667,7.966014893839522,45.973459056836624,11.732967461148922,34.32755858817493,17.30710817078394,4.464590685780067,1.9363420735740036,4.312869560989596
10,10.713802320343667,10.713802320343667,7.966014893839522,45.973459056836624,11.732967461148922,34.32755858817493,17.30710817078394,4.464590685780067,1.9363420735740036,4.312869560989596
11,10.727768669513805,10.727768669513805,7.986922384344992,46.12282838750586,11.565886409124227,34.32436281902493,17.29218227021503,4.475061740079361,1.9394176103073704,4.313289319127074
12,10.732506419148912,10.732506419148912,7.95667579020207,46.257767855182976,11.457468382785159,34.32808797182979,17.28421818228749,4.479710571799478,1.9399958179137053,4.312800029435728
13,10.754598210144538,10.754598210144538,8.011842036038686,46.538985123308606,11.124810021627782,34.32436281902493,17.261305604461892,4.494878199411753,1.9464306916057104,4.313289319127074
14,10.76869069398116,10.76869069398116,8.088419563437917,46.68126539885428,10.905371051679511,34.32494398602828,17.248878117657743,4.503740852926557,1.9517368586162818,4.313212982438323
15,10.775608956455592,10.775608956455592,8.05643395010721,46.77937108509319,10.83498658887234,34.32920837592727,17.236905974626513,4.511249447359106,1.951706636564108,4.31265287253238
16,10.77865588156449,10.77865588156449,8.090854268397761,46.87629928122863,10.70846953283347,34.32437691754014,17.23806467284768,4.510732911882558,1.9546355024125965,4.313287467269335
17,10.790415141055613,10.790415141055613,8.139597338405789,46.91419131063473,10.612268347040256,34.33394300391923,17.22370170186125,4.521254952186901,1.9571291474561838,4.312031041412528
18,10.797417014598086,10.797417014598086,8.142240062070202,46.91755162100219,10.61062510154171,34.329583215385895,17.21501272136192,4.5274606797642045,1.9573526941689559,4.312603640664926
19,10.798492779622464,10.798492779622464,8.089460128056466,47.093067161629364,10.493676959777362,34.32379575053678,17.21300890449621,4.52744823507294,1.9576807399323135,4.313363804617211
20,10.819322318403163,10.819322318403163,8.124303285513673,47.24551045623477,10.31035968356203,34.319826574689536,17.189610947327154,4.544028655251644,1.9614084819726605,4.3138851811788586
21,10.830570555979202,10.830570555979202,8.185579794518608,47.238839986962326,10.255186575341396,34.320393643177674,17.177081775045796,4.552828640115774,1.9639312246762923,4.313810691187136
22,10.852887202966002,10.852887202966002,8.309031323352395,47.39573779830394,9.97540430365412,34.319826574689536,17.156031202243902,4.567530519020407,1.9714715027667369,4.3138851811788586
23,10.852887202966002,10.852887202966002,8.309031323352395,47.39573779830394,9.97540430365412,34.319826574689536,17.156031202243902,4.567530519020407,1.9714715027667369,4.3138851811788586
24,10.86253699987363,10.86253699987363,8.354164328853997,47.500388159645546,9.827256952832652,34.31819055866783,17.147006915856817,4.573512757135591,1.9749241512505675,4.3141000914874725
25,10.871168842986435,10.871168842986435,8.281399191568724,47.656252180328536,9.742522053413182,34.319826574689536,17.131526889101035,4.583274759231217,1.9740089025763594,4.3138851811788586
26,10.871168842986435,10.871168842986435,8.281399191568724,47.656252180328536,9.742522053413182,34.319826574689536,17.131526889101035,4.583274759231217,1.9740089025763594,4.3138851811788586
27,10.890219211598534,10.890219211598534,8.412838298211987,47.76154240383846,9.507428739281716,34.31819055866783,17.116384419423074,4.594949595256683,1.9811695248543801,4.3141000914874725
28,10.890219211598534,10.890219211598534,8.412838298211987,47.76154240383846,9.507428739281716,34.31819055866783,17.116384419423074,4.594949595256683,1.9811695248543801,4.3141000914874725
29,10.893412772770386,10.893412772770386,8.418781244210143,47.78976072422038,9.47326747290165,34.31819055866783,17.112793090714568,4.597485339880299,1.9818273414026137,4.3141000914874725
30,10.909148759637336,10.909148759637336,8.479041414236224,47.96425040949309,9.23851761760286,34.31819055866783,17.097905898170133,4.608146038242235,1.9869026299076276,4.3141000914874725
31,10.910830789356783,10.910830789356783,8.443043842318161,48.03377748695829,9.20498811205574,34.31819055866783,17.094313536320854,4.610377577080096,1.986353120789214,4.3141000914874725
32,10.920933526335304,10.920933526335304,8.49794303303015,48.09162595529612,9.09224045300589,34.31819055866783,17.085155190949116,4.617301084908992,1.9895323499388387,4.3141000914874725
33,10.927017610897767,10.927017610897767,8.48030457035191,48.17735399179843,9.023022990233967,34.31931844761573,17.07487081206664,4.6230806923515075,1.9899849893605492,4.313951929185711
34,10.940099048615973,10.940099048615973,8.582565556892717,48.25700369827987,8.841112297211707,34.31931844761573,17.066938526614468,4.630641663411088,1.9955054560191756,4.313951929185711
35,10.940099048615973,10.940099048615973,8.582565556892717,48.25700369827987,8.841112297211707,34.31931844761573,17.066938526614468,4.630641663411088,1.9955054560191756,4.313951929185711
36,10.94629226754276,10.94629226754276,8.652212543438727,48.201458511135165,8.82644630375081,34.31988264167528,17.059429891061175,4.634725687056937,1.9976887642825147,4.313877816203308
37,10.94629226754276,10.94629226754276,8.652212543438727,48.201458511135165,8.82644630375081,34.31988264167528,17.059429891061175,4.634725687056937,1.9976887642825147,4.313877816203308
38,10.957477341366104,10.957477341366104,8.722432047700911,48.345488902307984,8.612196408315825,34.31988264167528,17.051872941314706,4.640843776538003,2.002755748624792,4.313877816203308
39,10.961534966610714,10.961534966610714,8.644499580369143,48.4919261494593,8.544255822555833,34.31931844761573,17.04421749447483,4.64606723109713,2.0015158063278715,4.313951929185711
40,10.968004134691594,10.968004134691594,8.723285964133282,48.58831409961781,8.369081488633201,34.31931844761573,17.043644618507276,4.647782869157283,2.0062693363485993,4.313951929185711
41,10.975478123328303,10.975478123328303,8.851672426881816,48.380363384009804,8.448927098299901,34.31903709080851,17.03225191839725,4.652684326451903,2.0088049081978108,4.3139888886785895
42,10.976589522663414,10.976589522663414,8.752879806060243,48.642193889674175,8.285607856649888,34.31931844761573,17.03390088913948,4.654330238331427,2.0083073551462745,4.313951929185711
43,10.980108963716837,10.980108963716837,8.713612443232313,48.73384417233877,8.233460185663544,34.319083198765384,17.027285081880986,4.658189013247985,2.007937118618148,4.313982831850705
44,10.989119434098718,10.989119434098718,8.82197691027978,48.686721094504456,8.172218796450368,34.319083198765384,17.01925551508816,4.66322847901118,2.011908123236834,4.313982831850705
45,10.991738041146933,10.991738041146933,8.784729652994804,48.78033933875899,8.115847809480833,34.319083198765384,17.013129280381893,4.666105993596542,2.0116492156996864,4.313982831850705
46,11.00218295136214,11.00218295136214,8.88964239466869,48.870499053615255,7.919827554355005,34.32003099736106,17.00937483989821,4.670904691170808,2.0174199320037185,4.313858328187613
47,11.007639867522094,11.007639867522094,8.732891347440916,49.00053942882433,7.947250776119056,34.31931844761573,16.98872101102727,4.681118009428793,2.012569928907591,4.313951929185711
48,11.031625875444291,11.031625875444291,8.993508521758965,49.09342120942132,7.5930392714586405,34.32003099736106,16.976679393100284,4.692711607580433,2.0250559396762453,4.313858328187613
49,11.031625875444291,11.031625875444291,8.993508521758965,49.09342120942132,7.5930392714586405,34.32003099736106,16.976679393100284,4.692711607580433,2.0250559396762453,4.313858328187613
50,11.037175559279142,11.037175559279142,9.012103915841834,49.13174298676397,7.536122100033153,34.32003099736106,16.97090552176667,4.696916891992551,2.0264003390989775,4.313858328187613
51,11.037175559279142,11.037175559279142,9.012103915841834,49.13174298676397,7.536122100033153,34.32003099736106,16.97090552176667,4.696916891992551,2.0264003390989775,4.313858328187613
52,11.040606070069703,11.040606070069703,9.014575724139704,49.13502478849388,7.530368490005373,34.32003099736106,16.965571649251075,4.700194585259919,2.0265531566221706,4.313858328187613
53,11.054122157393397,11.054122157393397,9.045760738838986,49.369880352573844,7.26432791122612,34.32003099736106,16.950890319213794,4.709019092466789,2.0312447367389965,4.313858328187613
54,11.054122157393397,11.054122157393397,9.045760738838986,49.369880352573844,7.26432791122612,34.32003099736106,16.950890319213794,4.709019092466789,2.0312447367389965,4.313858328187613
55,11.058080305450572,11.058080305450572,9.04651955547273,49.429572109740086,7.2038773374261025,34.32003099736106,16.9466563296766,4.712091980422999,2.03212999683996,4.313858328187613
56,11.059029477216761,11.059029477216761,9.064394630685854,49.39638906855986,7.21918530339323,34.32003099736106,16.945826930011965,4.712749120982629,2.0324220280465193,4.313858328187613
57,11.077478210862804,11.077478210862804,9.048325193409662,49.56053840985902,7.198161587328408,34.192974809402905,16.948183958128833,4.711020229559994,2.03589341686693,4.33056456443588
58,11.077478210862804,11.077478210862804,9.048325193409662,49.56053840985902,7.198161587328408,34.192974809402905,16.948183958128833,4.711020229559994,2.03589341686693,4.33056456443588
59,11.077478210862804,11.077478210862804,9.048325193409662,49.56053840985902,7.198161587328408,34.192974809402905,16.948183958128833,4.711020229559994,2.03589341686693,4.33056456443588
60,11.082228085203312,11.082228085203312,9.038267783773831,49.57241386209033,7.1965787935832655,34.192739560552546,16.94083577994849,4.7159971636172004,2.0356353950408463,4.330595526545265
61,11.082228085203312,11.082228085203312,9.038267783773831,49.57241386209033,7.1965787935832655,34.192739560552546,16.94083577994849,4.7159971636172004,2.0356353950408463,4.330595526545265
62,11.08696123762848,11.08696123762848,9.049539599721347,49.66033589414047,7.0971496967352845,34.192974809402905,16.934654874798518,4.719025531994005,2.0373711411985944,4.33056456443588
63,11.08696123762848,11.08696123762848,9.049539599721347,49.66033589414047,7.0971496967352845,34.192974809402905,16.934654874798518,4.719025531994005,2.0373711411985944,4.33056456443588
64,11.092796774204817,11.092796774204817,9.062707558226109,49.64963751804529,7.094915363176033,34.192739560552546,16.92692859764918,4.724415238628538,2.037786009031015,4.330595526545265
65,11.092796774204817,11.092796774204817,9.062707558226109,49.64963751804529,7.094915363176033,34.192739560552546,16.92692859764918,4.724415238628538,2.037786009031015,4.330595526545265
66,11.097730420917468,11.097730420917468,9.150700155608375,49.58637445655931,7.070185827279755,34.192739560552546,16.92466102838472,4.7264815320460345,2.04065336232617,4.330595526545265
67,11.107299557632164,11.107299557632164,9.139393768787453,49.78556084942092,6.882305821239061,34.192739560552546,16.915060551824283,4.73368970829789,2.04301432278901,4.330595526545265
68,11.107299557632164,11.107299557632164,9.139393768787453,49.78556084942092,6.882305821239061,34.192739560552546,16.915060551824283,4.73368970829789,2.04301432278901,4.330595526545265
69,11.114641562048753,11.114641562048753,9.146118937291298,49.87373751178959,6.7874039903665615,34.192739560552546,16.90669906121844,4.739483824601902,2.044562210901585,4.330595526545265
70,11.114641562048753,11.114641562048753,9.146118937291298,49.87373751178959,6.7874039903665615,34.192739560552546,16.90669906121844,4.739483824601902,2.044562210901585,4.330595526545265
71,11.120277478102961,11.120277478102961,9.1538366331511,49.95442420400257,6.69899960229376,34.192739560552546,16.90054386591502,4.743636315230507,2.04604563632719,4.330595526545265
72,11.128278302153596,11.128278302153596,9.18494742581706,50.01388984380854,6.608423169821834,34.192739560552546,16.892409832557597,4.749454310455372,2.0482284651529596,4.330595526545265
73,11.130842423787524,11.130842423787524,9.266830444534415,49.88490435075788,6.6566535331030465,34.19161167160467,16.89345742174993,4.75018724922441,2.049911200182235,4.330743974380878
74,11.132240237551336,11.132240237551336,9.1880862917992,50.0858202625339,6.533353885114335,34.192739560552546,16.88812361464924,4.752254145614945,2.0493905653911275,4.330595526545265
75,11.144269818018666,11.144269818018666,9.30943577887977,49.98965100071678,6.509301548798795,34.19161167160467,16.879033229381577,4.760292319841339,2.053233523796449,4.330743974380878
76,11.144269818018666,11.144269818018666,9.30943577887977,49.98965100071678,6.509301548798795,34.19161167160467,16.879033229381577,4.760292319841339,2.053233523796449,4.330743974380878
77,11.14592758216854,11.14592758216854,9.29709836097806,50.046330551037066,6.464544077177632,34.192027010807216,16.875409266864,4.761729721462725,2.053508551759486,4.330689308946328
78,11.14885349984294,11.14885349984294,9.296304806838819,50.08115248797886,6.429803144629736,34.192739560552546,16.872130236299792,4.76429615404135,2.0539618192563247,4.330595526545265
79,11.151689948635013,11.151689948635013,9.323938395163388,50.092043766090036,6.391990827939346,34.192027010807216,16.869642124922827,4.765688754820501,2.0553118848681855,4.330689308946328
80,11.15551065022993,11.15551065022993,9.315294338642682,50.135658228915645,6.356307871889097,34.192739560552546,16.864935283832757,4.769360813909078,2.0555543097755873,4.330595526545265
81,11.15551065022993,11.15551065022993,9.315294338642682,50.135658228915645,6.356307871889097,34.192739560552546,16.864935283832757,4.769360813909078,2.0555543097755873,4.330595526545265
82,11.158584894529096,11.158584894529096,9.30961167367991,50.20911213304099,6.288112733359583,34.19316345991952,16.861488949198797,4.771691106342492,2.056354052773732,4.330539735412872
83,11.160416930937087,11.160416930937087,9.307674994142518,50.19171069978905,6.308587295261235,34.192027010807216,16.857828991787944,4.773688926684911,2.0560386953058485,4.330689308946328
84,11.168003439743874,11.168003439743874,9.411711156219484,50.24124351967462,6.154305763553351,34.192739560552546,16.856672108167523,4.776213092801745,2.0611948203968646,4.330595526545265
85,11.168435243509983,11.168435243509983,9.416253143260844,50.29050642331786,6.100500872868735,34.192739560552546,16.858559780518842,4.775746484214034,2.062093232750683,4.330595526545265
86,11.178866535703692,11.178866535703692,9.451509935364571,50.30205030523746,6.054828087793307,34.19161167160467,16.844773412108527,4.7843372978981495,2.0637852634246645,4.330743974380878
87,11.178866535703692,11.178866535703692,9.451509935364571,50.30205030523746,6.054828087793307,34.19161167160467,16.844773412108527,4.7843372978981495,2.0637852634246645,4.330743974380878
88,11.181223556808632,11.181223556808632,9.532819221250923,50.19823921576179,6.076914552180064,34.192027010807216,16.845360844535325,4.784753249737915,2.0657809981243904,4.330689308946328
89,11.183982394865135,11.183982394865135,9.462174711129316,50.34958263431064,5.996630982955386,34.19161167160467,16.839396457828926,4.788317061968629,2.064921358515628,4.330743974380878
90,11.186820249884452,11.186820249884452,9.580307196442432,50.14690921410849,6.0807565786418625,34.192027010807216,16.839121896796748,4.789048029614859,2.0670829113232654,4.330689308946328
91,11.188182163782777,11.188182163782777,9.447443874422792,50.35208339806715,6.008861055905404,34.19161167160467,16.830553687922052,4.793112427262886,2.0643257621390125,4.330743974380878
92,11.191835520220469,11.191835520220469,9.570724206594901,50.23611554375107,6.001133238846814,34.192027010807216,16.832843824583012,4.79319962337802,2.067946587896122,4.330689308946328
93,11.192572460105337,11.192572460105337,9.52594784365805,50.353373348550704,5.929779685931912,34.19089912185933,16.831567766801758,4.794015876606534,2.0677188251095076,4.330837758389295
94,11.213012061319654,11.213012061319654,9.703279743872402,50.355249038650406,5.749444206669964,34.192027010807216,16.814047603131915,4.806993305809606,2.0753294465637198,4.330689308946328
95,11.213012061319654,11.213012061319654,9.703279743872402,50.355249038650406,5.749444206669964,34.192027010807216,16.814047603131915,4.806993305809606,2.0753294465637198,4.330689308946328
96,11.216744481324783,11.216744481324783,9.671622994245817,50.35093488609005,5.7865429978048155,34.19089912185933,16.80456033237302,4.811979512264514,2.073927210670974,4.330837758389295
97,11.223074919364816,11.223074919364816,9.73320014492657,50.46690928428359,5.608991448930524,34.19089912185933,16.80362100368999,4.814014152444035,2.0782230085314852,4.330837758389295
98,11.224894517539598,11.224894517539598,9.72080322986106,50.51368023916717,5.57461740911243,34.19089912185933,16.80091979342996,4.815696890480431,2.0783598686698714,4.330837758389295
99,11.226891444956806,11.226891444956806,9.755475898675884,50.46888671542806,5.5847382640367265,34.19089912185933,16.799667780514213,4.816847753858991,2.07920593270852,4.330837758389295
100,11.232349668649308,11.232349668649308,9.78248124646169,50.56188712134313,5.464732510335859,34.19089912185933,16.795819399773745,4.819820028276172,2.0816918819838413,4.330837758389295
101,11.232349668649308,11.232349668649308,9.78248124646169,50.56188712134313,5.464732510335859,34.19089912185933,16.795819399773745,4.819820028276172,2.0816918819838413,4.330837758389295
102,11.237148249549861,11.237148249549861,9.81516281766764,50.58553613584351,5.40840192462953,34.19089912185933,16.79212694671583,4.822880127346465,2.0834303638141014,4.330837758389295
103,11.237688465211773,11.237688465211773,9.82372014874203,50.535911049891766,5.449469679506866,34.19089912185933,16.791105677501722,4.823762530047357,2.0830881767751217,4.330837758389295
104,11.237732885857264,11.237732885857264,9.810246744081578,50.59392673518192,5.404214849131833,34.19161167160467,16.791318215490318,4.8236595501075,2.0833293613688855,4.330743974380878
105,11.24090364930741,11.24090364930741,9.837674714842969,50.56723212472304,5.40419403857467,34.19089912185933,16.78827530438607,4.825932217383935,2.0841336735341804,4.330837758389295
106,11.24148744169079,11.24148744169079,9.826647255680745,50.63260513936703,5.349848483092931,34.19089912185933,16.787397243694855,4.82605471495078,2.0845949683507135,4.330837758389295
107,11.246388189387183,11.246388189387183,9.827674971687829,50.65134595304649,5.329367403660994,34.19161167160467,16.781215704660983,4.83074765505623,2.0848965599500753,4.330743974380878
108,11.246388189387183,11.246388189387183,9.827674971687829,50.65134595304649,5.329367403660994,34.19161167160467,16.781215704660983,4.83074765505623,2.0848965599500753,4.330743974380878
109,11.249713025361476,11.249713025361476,9.846925115498145,50.61285551978606,5.348607693111107,34.19161167160467,16.776561773905087,4.833797348199516,2.085171702781083,4.330743974380878
110,11.255257739178296,11.255257739178296,9.869971450272965,50.62445459092226,5.314674836945442,34.19089912185933,16.770996284848405,4.838084697647832,2.086335283141169,4.330837758389295
111,11.255257739178296,11.255257739178296,9.869971450272965,50.62445459092226,5.314674836945442,34.19089912185933,16.770996284848405,4.838084697647832,2.086335283141169,4.330837758389295
112,11.257170170930632,11.257170170930632,9.879066684541586,50.63879678088215,5.291237412716956,34.19089912185933,16.769282175597468,4.8394024452178,2.0869299673235373,4.330837758389295
113,11.257333339010081,11.257333339010081,9.900352617174685,50.58950501351378,5.319243247452196,34.19089912185933,16.769852465561044,4.839357527146809,2.0871380534739785,4.330837758389295
114,11.25976251117071,11.25976251117071,9.892489285857428,50.64876921654238,5.267842375740872,34.19089912185933,16.766823271443698,4.841277067749195,2.0876476850322194,4.330837758389295
115,11.260261370774087,11.260261370774087,9.88573685694798,50.66754251769967,5.255821503493029,34.19089912185933,16.765758262797352,4.841797127146444,2.087626485238347,4.330837758389295
116,11.261484519822275,11.261484519822275,9.89397435928464,50.67237769316863,5.2427488256874195,34.19089912185933,16.76519090484185,4.842598166444934,2.088048594988046,4.330837758389295
117,11.261484519822275,11.261484519822275,9.89397435928464,50.67237769316863,5.2427488256874195,34.19089912185933,16.76519090484185,4.842598166444934,2.088048594988046,4.330837758389295
118,11.2641923415127,11.2641923415127,9.922161235976674,50.650465595172825,5.236474046991222,34.19089912185933,16.762824270327673,4.844411009105641,2.088943574017765,4.330837758389295
119,11.2641923415127,11.2641923415127,9.922161235976674,50.650465595172825,5.236474046991222,34.19089912185933,16.762824270327673,4.844411009105641,2.088943574017765,4.330837758389295
120,11.266472384488292,11.266472384488292,9.918056254046197,50.7052015853092,5.1858430387852685,34.19089912185933,16.760539237797516,4.846085037162019,2.089549588936978,4.330837758389295
121,11.266472384488292,11.266472384488292,9.918056254046197,50.7052015853092,5.1858430387852685,34.19089912185933,16.760539237797516,4.846085037162019,2.089549588936978,4.330837758389295
122,11.270137343861176,11.270137343861176,9.921383017251554,50.706571397910515,5.181146462978626,34.19089912185933,16.754100341889917,4.849587852217511,2.0897117332543695,4.330837758389295
123,11.271951607295318,11.271951607295318,9.953337325318648,50.6471558128782,5.2086077399438215,34.19089912185933,16.75370689905685,4.850881439377812,2.0902324095282117,4.330837758389295
124,11.271951607295318,11.271951607295318,9.953337325318648,50.6471558128782,5.2086077399438215,34.19089912185933,16.75370689905685,4.850881439377812,2.0902324095282117,4.330837758389295
125,11.274090574772659,11.274090574772659,9.952888668087025,50.71397983957229,5.142232370481378,34.19089912185933,16.75194233401967,4.85208500606945,2.0911678103139146,4.330837758389295
126,11.274451157703293,11.274451157703293,9.963272030990137,50.66251017255476,5.18331867459578,34.19089912185933,16.750940412414916,4.8527358686902,2.0908775306237977,4.330837758389295
127,11.274796354380008,11.274796354380008,9.950384905602434,50.726627966949344,5.132088005588884,34.19089912185933,16.750617053844746,4.852717402249322,2.09124119374139,4.330837758389295
128,11.275449461604016,11.275449461604016,9.96452529992236,50.67960817180202,5.164967406416306,34.19089912185933,16.75054678567345,4.8534362039331524,2.0911754992815683,4.330837758389295
129,11.276742676559275,11.276742676559275,9.938284789940692,50.80561368191772,5.065202406282307,34.19089912185933,16.748766748508597,4.8540539334574015,2.0918509847125786,4.330837758389295
130,11.277669647635614,11.277669647635614,9.964076642690738,50.748597386199926,5.096426849250001,34.19089912185933,16.748706789684245,4.8546900579261365,2.0921418313201827,4.330837758389295
131,11.277790158280661,11.277790158280661,9.940912911861542,50.80866771270226,5.0595202535768875,34.19089912185933,16.747643469063455,4.854945152370973,2.0920072475203937,4.330837758389295
132,11.278630538884855,11.278630538884855,9.960347085138677,50.72010043989249,5.128653353109526,34.19089912185933,16.74612397047009,4.8562178865891426,2.0915748939064174,4.330837758389295
133,11.279517327520015,11.279517327520015,9.95804117472413,50.79172710522584,5.059332598190702,34.19089912185933,16.74532357791023,4.856180261880164,2.0924993072505553,4.330837758389295
134,11.279517327520015,11.279517327520015,9.95804117472413,50.79172710522584,5.059332598190702,34.19089912185933,16.74532357791023,4.856180261880164,2.0924993072505553,4.330837758389295
135,11.280086612356524,11.280086612356524,9.964377424244157,50.78607450300634,5.058648950890174,34.19089912185933,16.744840324960844,4.856558744626094,2.0926901093411354,4.330837758389295
136,11.280086612356524,11.280086612356524,9.964377424244157,50.78607450300634,5.058648950890174,34.19089912185933,16.744840324960844,4.856558744626094,2.0926901093411354,4.330837758389295
137,11.280972400361637,11.280972400361637,9.973854363327517,50.80282493616417,5.032421578648983,34.19089912185933,16.747344677392515,4.8567990861968084,2.093335555775534,4.330837758389295
138,11.280972400361637,11.280972400361637,9.973854363327517,50.80282493616417,5.032421578648983,34.19089912185933,16.747344677392515,4.8567990861968084,2.093335555775534,4.330837758389295
139,11.281008346010475,11.281008346010475,9.986518747266505,50.78078265722714,5.04179947364701,34.19089912185933,16.74814303318633,4.856607162233075,2.0935634253881044,4.330837758389295
140,11.28224149738805,11.28224149738805,9.977620080303968,50.81160894610663,5.019871851730085,34.19089912185933,16.745837610708143,4.857781309496479,2.093622429502275,4.330837758389295
141,11.28224149738805,11.28224149738805,9.977620080303968,50.81160894610663,5.019871851730085,34.19089912185933,16.745837610708143,4.857781309496479,2.093622429502275,4.330837758389295
142,11.28329552172663,11.28329552172663,9.99561557434139,50.80255569524269,5.010929608556589,34.19089912185933,16.746509136332346,4.858193430531514,2.0942643328058215,4.330837758389295
143,11.283686934758876,11.283686934758876,9.980948594185696,50.83297482711361,4.995177456841369,34.19089912185933,16.744481377639467,4.858778869400847,2.094070306968734,4.330837758389295
144,11.284548697737607,11.284548697737607,9.989660594580279,50.837762305600386,4.9816779779600004,34.19089912185933,16.744224742862347,4.859198868384285,2.094512070964027,4.330837758389295
145,11.284548697737607,11.284548697737607,9.989660594580279,50.837762305600386,4.9816779779600004,34.19089912185933,16.744224742862347,4.859198868384285,2.094512070964027,4.330837758389295
146,11.284865420826634,11.284865420826634,9.982860644741143,50.8428817575999,4.983358475799639,34.19089912185933,16.743080146014638,4.859733882866424,2.0942937795709144,4.330837758389295
147,11.284865420826634,11.284865420826634,9.982860644741143,50.8428817575999,4.983358475799639,34.19089912185933,16.743080146014638,4.859733882866424,2.0942937795709144,4.330837758389295
148,11.285364715977128,11.285364715977128,9.984870125900201,50.90034457560455,4.9238861766359046,34.19089912185933,16.74392555404573,4.859326159995749,2.095200797592083,4.330837758389295
149,11.286722883715967,11.286722883715967,9.995338362112179,50.85230676189345,4.961455754135042,34.19089912185933,16.741637687010353,4.860921943521377,2.094963181805295,4.330837758389295
150,11.286722883715967,11.286722883715967,9.995338362112179,50.85230676189345,4.961455754135042,34.19089912185933,16.741637687010353,4.860921943521377,2.094963181805295,4.330837758389295
151,11.28676235786377,11.28676235786377,9.992201930020448,50.869486489320145,4.947412458800071,34.19089912185933,16.74141971965324,4.8608504115098725,2.0950741879646024,4.330837758389295
152,11.293559120182705,11.293559120182705,10.02656080690071,50.958302082605144,4.824237988634796,34.19089912185933,16.73574909776622,4.864905856344154,2.097815505449256,4.330837758389295
153,11.293559120182705,11.293559120182705,10.02656080690071,50.958302082605144,4.824237988634796,34.19089912185933,16.73574909776622,4.864905856344154,2.097815505449256,4.330837758389295
154,11.293559120182705,11.293559120182705,10.02656080690071,50.958302082605144,4.824237988634796,34.19089912185933,16.73574909776622,4.864905856344154,2.097815505449256,4.330837758389295
155,11.293559120182705,11.293559120182705,10.02656080690071,50.958302082605144,4.824237988634796,34.19089912185933,16.73574909776622,4.864905856344154,2.097815505449256,4.330837758389295
156,11.295098798159488,11.295098798159488,10.029497932108285,50.96823529259474,4.811367653437657,34.19089912185933,16.733649140570453,4.866177754526475,2.0980832852437183,4.330837758389295
157,11.296617672402844,11.296617672402844,10.01308553988688,50.9956937301418,4.800321608112007,34.19089912185933,16.72941650985439,4.868007753614361,2.0977721603991877,4.330837758389295
158,11.296617672402844,11.296617672402844,10.01308553988688,50.9956937301418,4.800321608112007,34.19089912185933,16.72941650985439,4.868007753614361,2.0977721603991877,4.330837758389295
159,11.296617672402844,11.296617672402844,10.01308553988688,50.9956937301418,4.800321608112007,34.19089912185933,16.72941650985439,4.868007753614361,2.0977721603991877,4.330837758389295
160,11.298400735732478,11.298400735732478,10.021182747585911,51.00611103611082,4.7818070944439395,34.19089912185933,16.727318607272966,4.869294975100194,2.098268002242989,4.330837758389295
161,11.29846723232603,11.29846723232603,10.020221910818972,51.00569374478599,4.783185222535695,34.19089912185933,16.727527263512624,4.869408611716969,2.098220862219765,4.330837758389295
162,11.299119958374535,11.299119958374535,10.02126489552271,51.013109201845275,4.774726780772701,34.19089912185933,16.727026207506775,4.869910703320181,2.0983714966650586,4.330837758389295
163,11.2995423304907,11.2995423304907,10.026908171978018,50.995314660754474,4.7868780454082005,34.19089912185933,16.726456824950358,4.870345428460987,2.0983591436404176,4.330837758389295
164,11.2995423304907,11.2995423304907,10.026908171978018,50.995314660754474,4.7868780454082005,34.19089912185933,16.726456824950358,4.870345428460987,2.0983591436404176,4.330837758389295
165,11.2995423304907,11.2995423304907,10.026908171978018,50.995314660754474,4.7868780454082005,34.19089912185933,16.726456824950358,4.870345428460987,2.0983591436404176,4.330837758389295
166,11.301844582390606,11.301844582390606,10.02125313568013,51.03556302655859,4.752284715901943,34.19089912185933,16.7232423061986,4.87231506240503,2.098691761596281,4.330837758389295
167,11.301844582390606,11.301844582390606,10.02125313568013,51.03556302655859,4.752284715901943,34.19089912185933,16.7232423061986,4.87231506240503,2.098691761596281,4.330837758389295
168,11.303320547492376,11.303320547492376,10.02869057336882,51.03183518592911,4.748575118842744,34.19089912185933,16.72151182066674,4.873525535043419,2.098957254059661,4.330837758389295
169,11.303320547492376,11.303320547492376,10.02869057336882,51.03183518592911,4.748575118842744,34.19089912185933,16.72151182066674,4.873525535043419,2.098957254059661,4.330837758389295
170,11.303320547492376,11.303320547492376,10.02869057336882,51.03183518592911,4.748575118842744,34.19089912185933,16.72151182066674,4.873525535043419,2.098957254059661,4.330837758389295
171,11.303421904444768,11.303421904444768,10.035009967501363,51.02825815642472,4.745832754214608,34.19089912185933,16.72227484205876,4.873407161240194,2.0991769848152786,4.330837758389295
172,11.303421904444768,11.303421904444768,10.035009967501363,51.02825815642472,4.745832754214608,34.19089912185933,16.72227484205876,4.873407161240194,2.0991769848152786,4.330837758389295
173,11.303623549315834,11.303623549315834,10.023066770617614,51.06345092489934,4.7225831826237,34.19089912185933,16.72148208184468,4.873617903570925,2.0991678873556125,4.330837758389295
174,11.304146470169274,11.304146470169274,10.02109996681745,51.08637576879123,4.700912592786644,34.19161167160467,16.72140871634156,4.874001581536411,2.099400914251984,4.330743974380878
175,11.30491880477646,11.30491880477646,9.985998910253732,51.08579056316168,4.73731140472529,34.19089912185933,16.716780136403152,4.876182643929113,2.097898402458051,4.330837758389295
176,11.30491880477646,11.30491880477646,9.985998910253732,51.08579056316168,4.73731140472529,34.19089912185933,16.716780136403152,4.876182643929113,2.097898402458051,4.330837758389295
177,11.30491880477646,11.30491880477646,9.985998910253732,51.08579056316168,4.73731140472529,34.19089912185933,16.716780136403152,4.876182643929113,2.097898402458051,4.330837758389295
178,11.30530612820294,11.30530612820294,9.987864159736178,51.08392531367921,4.73731140472529,34.19089912185933,16.716342346755383,4.876516674513239,2.097951695300406,4.330837758389295
179,11.305835437580706,11.305835437580706,9.993471777469331,51.086255627875474,4.729373472795862,34.19089912185933,16.716265694759866,4.876772367213922,2.098225311977488,4.330837758389295
180,11.305980335960301,11.305980335960301,9.993591536073746,51.08247838498122,4.733030957085717,34.19089912185933,16.71563101949141,4.8769660936946755,2.098176483876331,4.330837758389295
181,11.307117294337953,11.307117294337953,10.016987975816317,51.05914016420828,4.732972738116059,34.19089912185933,16.71610245282113,4.877433750665831,2.098845785282827,4.330837758389295
182,11.307117294337953,11.307117294337953,10.016987975816317,51.05914016420828,4.732972738116059,34.19089912185933,16.71610245282113,4.877433750665831,2.098845785282827,4.330837758389295
183,11.30789117852316,11.30789117852316,9.998116615732869,51.11268136255828,4.6983028998495175,34.19089912185933,16.714170351653664,4.878251533163901,2.098801886969965,4.330837758389295
184,11.30789117852316,11.30789117852316,9.998116615732869,51.11268136255828,4.6983028998495175,34.19089912185933,16.714170351653664,4.878251533163901,2.098801886969965,4.330837758389295
185,11.30789117852316,11.30789117852316,9.998116615732869,51.11268136255828,4.6983028998495175,34.19089912185933,16.714170351653664,4.878251533163901,2.098801886969965,4.330837758389295
186,11.30789117852316,11.30789117852316,9.998116615732869,51.11268136255828,4.6983028998495175,34.19089912185933,16.714170351653664,4.878251533163901,2.098801886969965,4.330837758389295
187,11.308589018314784,11.308589018314784,9.999853436440509,51.12176164302756,4.687485798672631,34.19089912185933,16.71343756470554,4.878745219489919,2.099006040435569,4.330837758389295
188,11.308589018314784,11.308589018314784,9.999853436440509,51.12176164302756,4.687485798672631,34.19089912185933,16.71343756470554,4.878745219489919,2.099006040435569,4.330837758389295
189,11.309164689383762,11.309164689383762,10.028839170751445,51.05445702975979,4.725804677629437,34.19089912185933,16.711798055778655,4.879040139277969,2.0992867917164975,4.330837758389295
190,11.309164689383762,11.309164689383762,10.028839170751445,51.05445702975979,4.725804677629437,34.19089912185933,16.711798055778655,4.879040139277969,2.0992867917164975,4.330837758389295
191,11.309164689383762,11.309164689383762,10.028839170751445,51.05445702975979,4.725804677629437,34.19089912185933,16.711798055778655,4.879040139277969,2.0992867917164975,4.330837758389295
192,11.310099977439005,11.310099977439005,9.991606930073338,51.136609129751406,4.680884818315933,34.19089912185933,16.709583040718368,4.880397493362396,2.0988647256873154,4.330837758389295
193,11.310099977439005,11.310099977439005,9.991606930073338,51.136609129751406,4.680884818315933,34.19089912185933,16.709583040718368,4.880397493362396,2.0988647256873154,4.330837758389295
194,11.310099977439005,11.310099977439005,9.991606930073338,51.136609129751406,4.680884818315933,34.19089912185933,16.709583040718368,4.880397493362396,2.0988647256873154,4.330837758389295
195,11.310196134902906,11.310196134902906,10.002598159283503,51.112759072623305,4.6937436462338535,34.19089912185933,16.709720452997217,4.880363313247689,2.098995063265921,4.330837758389295
196,11.310627822483196,11.310627822483196,9.99597312410046,51.13747223225088,4.675655521789334,34.19089912185933,16.708791603525405,4.880725885769717,2.0990641783241846,4.330837758389295
197,11.311110915136927,11.311110915136927,10.038819947507719,51.118995575876134,4.651285354756809,34.19089912185933,16.712371472858067,4.879636638225633,2.1006365185219993,4.330837758389295
198,11.311110915136927,11.311110915136927,10.038819947507719,51.118995575876134,4.651285354756809,34.19089912185933,16.712371472858067,4.879636638225633,2.1006365185219993,4.330837758389295
199,11.311110915136927,11.311110915136927,10.038819947507719,51.118995575876134,4.651285354756809,34.19089912185933,16.712371472858067,4.879636638225633,2.1006365185219993,4.330837758389295
200,11.311454116956508,11.311454116956508,10.049811176717883,51.09865571139991,4.66063399002287,34.19089912185933,16.712213537017373,4.879799356857295,2.1008170017099177,4.330837758389295
201,11.311454116956508,11.311454116956508,10.049811176717883,51.09865571139991,4.66063399002287,34.19089912185933,16.712213537017373,4.879799356857295,2.1008170017099177,4.330837758389295
202,11.312113730571133,11.312113730571133,10.044577160031091,51.12553860965886,4.6389851084507185,34.19089912185933,16.71110969218791,4.880299244069083,2.1009767281127543,4.330837758389295
203,11.312274670343161,11.312274670343161,10.050268611800565,51.11267152802147,4.646160738318661,34.19089912185933,16.711065814702994,4.880400079931525,2.101036832022341,4.330837758389295
204,11.312453820348258,11.312453820348258,10.037119075420991,51.14499864600746,4.6269831567122015,34.19089912185933,16.71060908584395,4.880680965524519,2.1009350964344438,4.330837758389295
205,11.31271349375158,11.31271349375158,10.042795744584968,51.13173221786329,4.634572915692393,34.19089912185933,16.709965480842293,4.880886873508588,2.100988861853698,4.330837758389295
206,11.312739515239118,11.312739515239118,10.050452519124955,51.1443639253047,4.614284433711011,34.19089912185933,16.71218855386666,4.88040429455239,2.101497462297432,4.330837758389295
207,11.312739515239118,11.312739515239118,10.050452519124955,51.1443639253047,4.614284433711011,34.19089912185933,16.71218855386666,4.88040429455239,2.101497462297432,4.330837758389295
208,11.316466123089727,11.316466123089727,10.104524423071979,51.13121887628416,4.573357578784506,34.19089912185933,16.709905394922302,4.882001321505564,2.1036270431948676,4.330837758389295
209,11.316466123089727,11.316466123089727,10.104524423071979,51.13121887628416,4.573357578784506,34.19089912185933,16.709905394922302,4.882001321505564,2.1036270431948676,4.330837758389295
210,11.316466123089727,11.316466123089727,10.104524423071979,51.13121887628416,4.573357578784506,34.19089912185933,16.709905394922302,4.882001321505564,2.1036270431948676,4.330837758389295
211,11.316808857857692,11.316808857857692,10.107141090564765,51.12895043498747,4.573009352588425,34.19089912185933,16.70955040327084,4.88226431968522,2.1037067797831774,4.330837758389295
212,11.319000039747717,11.319000039747717,10.122984096441224,51.11697971874744,4.569137062952017,34.19089912185933,16.707061569381384,4.88394752584111,2.104214755517311,4.330837758389295
213,11.319000039747717,11.319000039747717,10.122984096441224,51.11697971874744,4.569137062952017,34.19089912185933,16.707061569381384,4.88394752584111,2.104214755517311,4.330837758389295
214,11.319342774515682,11.319342774515682,10.125600763934006,51.114711277450716,4.568788836755938,34.19089912185933,16.706706577729918,4.884210524020767,2.10429449210562,4.330837758389295
215,11.319342774515682,11.319342774515682,10.125600763934006,51.114711277450716,4.568788836755938,34.19089912185933,16.706706577729918,4.884210524020767,2.10429449210562,4.330837758389295
216,11.319342774515682,11.319342774515682,10.125600763934006,51.114711277450716,4.568788836755938,34.19089912185933,16.706706577729918,4.884210524020767,2.10429449210562,4.330837758389295
217,11.319342774515682,11.319342774515682,10.125600763934006,51.114711277450716,4.568788836755938,34.19089912185933,16.706706577729918,4.884210524020767,2.10429449210562,4.330837758389295
218,11.319636898205843,11.319636898205843,10.136697825408064,51.098541083889636,4.573861968842971,34.19089912185933,16.706293822431043,4.884260062127199,2.10453907768935,4.330837758389295
219,11.319636898205843,11.319636898205843,10.136697825408064,51.098541083889636,4.573861968842971,34.19089912185933,16.706293822431043,4.884260062127199,2.10453907768935,4.330837758389295
220,11.319730097942164,11.319730097942164,10.127466013416454,51.112846027968295,4.568788836755938,34.19089912185933,16.706268788082156,4.884544554604893,2.104347784947976,4.330837758389295
221,11.32088365608805,11.32088365608805,10.161447456281282,51.09455487912342,4.55309854273595,34.19089912185933,16.706976445587152,4.884503067325784,2.10554283037297,4.330837758389295
222,11.32088365608805,11.32088365608805,10.161447456281282,51.09455487912342,4.55309854273595,34.19089912185933,16.706976445587152,4.884503067325784,2.10554283037297,4.330837758389295
223,11.32088365608805,11.32088365608805,10.161447456281282,51.09455487912342,4.55309854273595,34.19089912185933,16.706976445587152,4.884503067325784,2.10554283037297,4.330837758389295
224,11.321616755348666,11.321616755348666,10.145517685522885,51.12397362424842,4.539609568369346,34.19089912185933,16.70447338436001,4.8854986032599745,2.1052803936993962,4.330837758389295
225,11.321616755348666,11.321616755348666,10.145517685522885,51.12397362424842,4.539609568369346,34.19089912185933,16.70447338436001,4.8854986032599745,2.1052803936993962,4.330837758389295
226,11.321978064175777,11.321978064175777,10.14827300440791,51.12157941597243,4.539248457760351,34.19089912185933,16.70411284677761,4.885776029967385,2.1053642758190976,4.330837758389295
227,11.321978064175777,11.321978064175777,10.14827300440791,51.12157941597243,4.539248457760351,34.19089912185933,16.70411284677761,4.885776029967385,2.1053642758190976,4.330837758389295
228,11.321978064175777,11.321978064175777,10.14827300440791,51.12157941597243,4.539248457760351,34.19089912185933,16.70411284677761,4.885776029967385,2.1053642758190976,4.330837758389295
229,11.322173194306428,11.322173194306428,10.15066883396126,51.1385495464084,4.519882497771032,34.19089912185933,16.70447873097669,4.885626051253807,2.1057093846633266,4.330837758389295
230,11.322173194306428,11.322173194306428,10.15066883396126,51.1385495464084,4.519882497771032,34.19089912185933,16.70447873097669,4.885626051253807,2.1057093846633266,4.330837758389295
231,11.322173194306428,11.322173194306428,10.15066883396126,51.1385495464084,4.519882497771032,34.19089912185933,16.70447873097669,4.885626051253807,2.1057093846633266,4.330837758389295
232,11.322173194306428,11.322173194306428,10.15066883396126,51.1385495464084,4.519882497771032,34.19089912185933,16.70447873097669,4.885626051253807,2.1057093846633266,4.330837758389295
233,11.32256051773291,11.32256051773291,10.152534083443708,51.136684296925935,4.519882497771032,34.19089912185933,16.70404094132892,4.885960081837932,2.105762677505682,4.330837758389295
234,11.32256051773291,11.32256051773291,10.152534083443708,51.136684296925935,4.519882497771032,34.19089912185933,16.70404094132892,4.885960081837932,2.105762677505682,4.330837758389295
235,11.32256051773291,11.32256051773291,10.152534083443708,51.136684296925935,4.519882497771032,34.19089912185933,16.70404094132892,4.885960081837932,2.105762677505682,4.330837758389295
236,11.32256051773291,11.32256051773291,10.152534083443708,51.136684296925935,4.519882497771032,34.19089912185933,16.70404094132892,4.885960081837932,2.105762677505682,4.330837758389295
237,11.322865269428279,11.322865269428279,10.138958166984297,51.140561815360066,4.529580895796325,34.19089912185933,16.701792381658752,4.886791265403932,2.105236245635052,4.330837758389295
238,11.322939681534969,11.322939681534969,10.164784313684432,51.13037666119252,4.5139399032636955,34.19089912185933,16.704840983641848,4.885904344854439,2.106197578291235,4.330837758389295
239,11.322943587873361,11.322943587873361,10.154420292565822,51.1347980878038,4.519882497771032,34.19089912185933,16.703634606410983,4.886289260289181,2.1058165691948845,4.330837758389295
240,11.322943587873361,11.322943587873361,10.154420292565822,51.1347980878038,4.519882497771032,34.19089912185933,16.703634606410983,4.886289260289181,2.1058165691948845,4.330837758389295
241,11.324508882129875,11.324508882129875,10.21114307862396,51.10144102445033,4.4965167750663655,34.19089912185933,16.70667337552048,4.885900107476823,2.1077710162637557,4.330837758389295
242,11.324508882129875,11.324508882129875,10.21114307862396,51.10144102445033,4.4965167750663655,34.19089912185933,16.70667337552048,4.885900107476823,2.1077710162637557,4.330837758389295
243,11.324508882129875,11.324508882129875,10.21114307862396,51.10144102445033,4.4965167750663655,34.19089912185933,16.70667337552048,4.885900107476823,2.1077710162637557,4.330837758389295
244,11.329190216962907,11.329190216962907,10.248919296131584,51.09497061422446,4.465210967784652,34.19089912185933,16.702493793413943,4.889054895991326,2.1092975625822845,4.330837758389295
245,11.329190216962907,11.329190216962907,10.248919296131584,51.09497061422446,4.465210967784652,34.19089912185933,16.702493793413943,4.889054895991326,2.1092975625822845,4.330837758389295
246,11.329721524054305,11.329721524054305,10.293562271138452,51.08229911356569,4.433239493436514,34.19089912185933,16.706562674532066,4.887853954163271,2.1110298115017385,4.330837758389295
247,11.329721524054305,11.329721524054305,10.293562271138452,51.08229911356569,4.433239493436514,34.19089912185933,16.706562674532066,4.887853954163271,2.1110298115017385,4.330837758389295
248,11.331087980034708,11.331087980034708,10.25121523252356,51.110988129347554,4.446897516269552,34.19089912185933,16.69983106554642,4.8906254401445715,2.109624781500841,4.330837758389295
249,11.331219436256172,11.331219436256172,10.304385284161487,51.074394631505186,4.430320962474024,34.19089912185933,16.70448458804255,4.889000944122158,2.1113807337447192,4.330837758389295
250,11.332454978770905,11.332454978770905,10.250518010627186,51.12941156152898,4.429171305984513,34.19089912185933,16.698692926547128,4.891759127930879,2.1098580924507315,4.330837758389295
251,11.332454978770905,11.332454978770905,10.250518010627186,51.12941156152898,4.429171305984513,34.19089912185933,16.698692926547128,4.891759127930879,2.1098580924507315,4.330837758389295
252,11.333423577815717,11.333423577815717,10.258084713661964,51.12612164336665,4.424894521112054,34.19089912185933,16.697711698527726,4.892450438533662,2.11013538089276,4.330837758389295
253,11.333423577815717,11.333423577815717,10.258084713661964,51.12612164336665,4.424894521112054,34.19089912185933,16.697711698527726,4.892450438533662,2.11013538089276,4.330837758389295
254,11.333786903436176,11.333786903436176,10.259969943548839,51.124236413479785,4.424894521112054,34.19089912185933,16.69734587436554,4.892759900443067,2.110189244603814,4.330837758389295
255,11.33379282246996,11.33379282246996,10.260840032546987,51.12384175303938,4.42441909255433,34.19089912185933,16.69734170687496,4.89273416795465,2.1102208961260147,4.330837758389295
256,11.334300411126772,11.334300411126772,10.249727808898706,51.12885985397877,4.430513215263198,34.19089912185933,16.69484475194339,4.89364630761154,2.1098163451259366,4.330837758389295
257,11.334300411126772,11.334300411126772,10.249727808898706,51.12885985397877,4.430513215263198,34.19089912185933,16.69484475194339,4.89364630761154,2.1098163451259366,4.330837758389295
258,11.33460829101061,11.33460829101061,10.250770906178367,51.134275680363054,4.424054291599228,34.19089912185933,16.694576732973488,4.893832114377904,2.1099384182434116,4.330837758389295
259,11.338520967773999,11.338520967773999,10.29659174061019,51.091606646749696,4.4209024907808,34.19089912185933,16.690211986839913,4.896390598717262,2.111292610667442,4.330837758389295
260,11.338520967773999,11.338520967773999,10.29659174061019,51.091606646749696,4.4209024907808,34.19089912185933,16.690211986839913,4.896390598717262,2.111292610667442,4.330837758389295
261,11.338520967773999,11.338520967773999,10.29659174061019,51.091606646749696,4.4209024907808,34.19089912185933,16.690211986839913,4.896390598717262,2.111292610667442,4.330837758389295
262,11.33907696004976,11.33907696004976,10.321599516118818,51.07086837961534,4.416632982406544,34.19089912185933,16.690152369416786,4.896171090144572,2.112068111515893,4.330837758389295
263,11.339679339958844,11.339679339958844,10.301898015754958,51.11457670176498,4.392626160620745,34.19089912185933,16.688900116421813,4.8969934154671115,2.1118481661024364,4.330837758389295
264,11.341069388446614,11.341069388446614,10.311756914030537,51.102270346778134,4.395073617331991,34.19089912185933,16.68755931628388,4.898136744814313,2.112094885243006,4.330837758389295
265,11.341069388446614,11.341069388446614,10.311756914030537,51.102270346778134,4.395073617331991,34.19089912185933,16.68755931628388,4.898136744814313,2.112094885243006,4.330837758389295
266,11.341069388446614,11.341069388446614,10.311756914030537,51.102270346778134,4.395073617331991,34.19089912185933,16.68755931628388,4.898136744814313,2.112094885243006,4.330837758389295
267,11.343016102044398,11.343016102044398,10.312906234102849,51.124332071938284,4.371862572099549,34.19089912185933,16.685113652216387,4.899719034335282,2.112459309319821,4.330837758389295
268,11.3440890168047,11.3440890168047,10.33512498810546,51.11874874452644,4.355227145508767,34.19089912185933,16.684727796819296,4.899919478601356,2.11333177981405,4.330837758389295
269,11.344095588266985,11.344095588266985,10.333465598229953,51.105648463569175,4.369986816341566,34.19089912185933,16.68465410687418,4.900184313643408,2.113073516234282,4.330837758389295
270,11.34479763706909,11.34479763706909,10.348534039548134,51.09150301104785,4.3690638275446885,34.19089912185933,16.68425316124459,4.900442649996468,2.1135172286833277,4.330837758389295
271,11.345168503027288,11.345168503027288,10.355684352232569,51.10006513615733,4.353351389750782,34.19089912185933,16.684268251477086,4.900384757909482,2.1139459867285106,4.330837758389295
272,11.345636030556102,11.345636030556102,10.347814744813627,51.101577836360576,4.359708296966454,34.19089912185933,16.68336111503171,4.901167944324777,2.1136303278420305,4.330837758389295
273,11.345636030556102,11.345636030556102,10.347814744813627,51.101577836360576,4.359708296966454,34.19089912185933,16.68336111503171,4.901167944324777,2.1136303278420305,4.330837758389295
274,11.345636030556102,11.345636030556102,10.347814744813627,51.101577836360576,4.359708296966454,34.19089912185933,16.68336111503171,4.901167944324777,2.1136303278420305,4.330837758389295
275,11.346005275210345,11.346005275210345,10.350570063698655,51.099297946033275,4.359232868408731,34.19089912185933,16.682991123378933,4.901451673745766,2.1137158430752843,4.330837758389295
276,11.346005275210345,11.346005275210345,10.350570063698655,51.099297946033275,4.359232868408731,34.19089912185933,16.682991123378933,4.901451673745766,2.1137158430752843,4.330837758389295
277,11.346005275210345,11.346005275210345,10.350570063698655,51.099297946033275,4.359232868408731,34.19089912185933,16.682991123378933,4.901451673745766,2.1137158430752843,4.330837758389295
278,11.346272776919088,11.346272776919088,10.355837767983076,51.09998487563453,4.353278234523102,34.19089912185933,16.682906030684457,4.901483603419444,2.1139514151103493,4.330837758389295
279,11.346272776919088,11.346272776919088,10.355837767983076,51.09998487563453,4.353278234523102,34.19089912185933,16.682906030684457,4.901483603419444,2.1139514151103493,4.330837758389295
280,11.34662235097698,11.34662235097698,10.374522467037743,51.04802613267937,4.386552278423566,34.19089912185933,16.68227481517327,4.9017746724172095,2.1140099201704756,4.330837758389295
281,11.34662235097698,11.34662235097698,10.374522467037743,51.04802613267937,4.386552278423566,34.19089912185933,16.68227481517327,4.9017746724172095,2.1140099201704756,4.330837758389295
282,11.34662235097698,11.34662235097698,10.374522467037743,51.04802613267937,4.386552278423566,34.19089912185933,16.68227481517327,4.9017746724172095,2.1140099201704756,4.330837758389295
283,11.34791322537294,11.34791322537294,10.380218937300441,51.061557719390294,4.367324221449948,34.19089912185933,16.681246406975873,4.902628103991755,2.1144473629918896,4.330837758389295
284,11.34791322537294,11.34791322537294,10.380218937300441,51.061557719390294,4.367324221449948,34.19089912185933,16.681246406975873,4.902628103991755,2.1144473629918896,4.330837758389295
285,11.34791322537294,11.34791322537294,10.380218937300441,51.061557719390294,4.367324221449948,34.19089912185933,16.681246406975873,4.902628103991755,2.1144473629918896,4.330837758389295
286,11.34791322537294,11.34791322537294,10.380218937300441,51.061557719390294,4.367324221449948,34.19089912185933,16.681246406975873,4.902628103991755,2.1144473629918896,4.330837758389295
287,11.348241197221826,11.348241197221826,10.384232651260179,51.057678814693084,4.3671894121874,34.19089912185933,16.680966262091154,4.902839472452327,2.1145639663802043,4.330837758389295
288,11.348241197221826,11.348241197221826,10.384232651260179,51.057678814693084,4.3671894121874,34.19089912185933,16.680966262091154,4.902839472452327,2.1145639663802043,4.330837758389295
289,11.348620808818136,11.348620808818136,10.387068570327743,51.05533074952903,4.366701558283892,34.19089912185933,16.680593617804576,4.903131088448085,2.1146519619807562,4.330837758389295
290,11.348620808818136,11.348620808818136,10.387068570327743,51.05533074952903,4.366701558283892,34.19089912185933,16.680593617804576,4.903131088448085,2.1146519619807562,4.330837758389295
291,11.34899631912758,11.34899631912758,10.389880551518566,51.05299717419914,4.36622315242297,34.19089912185933,16.680234068840665,4.903419422068349,2.114739138669936,4.330837758389295
292,11.34899631912758,11.34899631912758,10.389880551518566,51.05299717419914,4.36622315242297,34.19089912185933,16.680234068840665,4.903419422068349,2.114739138669936,4.330837758389295
293,11.34899631912758,11.34899631912758,10.389880551518566,51.05299717419914,4.36622315242297,34.19089912185933,16.680234068840665,4.903419422068349,2.114739138669936,4.330837758389295
294,11.34899631912758,11.34899631912758,10.389880551518566,51.05299717419914,4.36622315242297,34.19089912185933,16.680234068840665,4.903419422068349,2.114739138669936,4.330837758389295
295,11.34899631912758,11.34899631912758,10.389880551518566,51.05299717419914,4.36622315242297,34.19089912185933,16.680234068840665,4.903419422068349,2.114739138669936,4.330837758389295
296,11.34899631912758,11.34899631912758,10.389880551518566,51.05299717419914,4.36622315242297,34.19089912185933,16.680234068840665,4.903419422068349,2.114739138669936,4.330837758389295
297,11.34899631912758,11.34899631912758,10.389880551518566,51.05299717419914,4.36622315242297,34.19089912185933,16.680234068840665,4.903419422068349,2.114739138669936,4.330837758389295
298,11.34899631912758,11.34899631912758,10.389880551518566,51.05299717419914,4.36622315242297,34.19089912185933,16.680234068840665,4.903419422068349,2.114739138669936,4.330837758389295
299,11.34899631912758,11.34899631912758,10.389880551518566,51.05299717419914,4.36622315242297,34.19089912185933,16.680234068840665,4.903419422068349,2.114739138669936,4.330837758389295
300,11.34899631912758,11.34899631912758,10.389880551518566,51.05299717419914,4.36622315242297,34.19089912185933,16.680234068840665,4.903419422068349,2.114739138669936,4.330837758389295
301,11.34899631912758,11.34899631912758,10.389880551518566,51.05299717419914,4.36622315242297,34.19089912185933,16.680234068840665,4.903419422068349,2.114739138669936,4.330837758389295
302,11.349259302657984,11.349259302657984,10.403656963717268,51.01447375328969,4.390970161133729,34.19089912185933,16.67957850283796,4.9036423225175145,2.114779221751174,4.330837758389295
303,11.349259302657984,11.349259302657984,10.403656963717268,51.01447375328969,4.390970161133729,34.19089912185933,16.67957850283796,4.9036423225175145,2.114779221751174,4.330837758389295
304,11.349259302657984,11.349259302657984,10.403656963717268,51.01447375328969,4.390970161133729,34.19089912185933,16.67957850283796,4.9036423225175145,2.114779221751174,4.330837758389295
305,11.349259302657984,11.349259302657984,10.403656963717268,51.01447375328969,4.390970161133729,34.19089912185933,16.67957850283796,4.9036423225175145,2.114779221751174,4.330837758389295
306,11.349259302657984,11.349259302657984,10.403656963717268,51.01447375328969,4.390970161133729,34.19089912185933,16.67957850283796,4.9036423225175145,2.114779221751174,4.330837758389295
307,11.349259302657984,11.349259302657984,10.403656963717268,51.01447375328969,4.390970161133729,34.19089912185933,16.67957850283796,4.9036423225175145,2.114779221751174,4.330837758389295
308,11.349259302657984,11.349259302657984,10.403656963717268,51.01447375328969,4.390970161133729,34.19089912185933,16.67957850283796,4.9036423225175145,2.114779221751174,4.330837758389295
309,11.349259302657984,11.349259302657984,10.403656963717268,51.01447375328969,4.390970161133729,34.19089912185933,16.67957850283796,4.9036423225175145,2.114779221751174,4.330837758389295
310,11.34958855062086,11.34958855062086,10.404123913790274,51.02119448594847,4.383782478401896,34.19089912185933,16.67927115495293,4.903855547867851,2.1148952443637135,4.330837758389295
311,11.34958855062086,11.34958855062086,10.404123913790274,51.02119448594847,4.383782478401896,34.19089912185933,16.67927115495293,4.903855547867851,2.1148952443637135,4.330837758389295
312,11.349802651751881,11.349802651751881,10.405559429357224,51.019758970381545,4.383782478401896,34.19089912185933,16.67905361293705,4.904028634268387,2.1149362590941982,4.330837758389295
313,11.349802651751881,11.349802651751881,10.405559429357224,51.019758970381545,4.383782478401896,34.19089912185933,16.67905361293705,4.904028634268387,2.1149362590941982,4.330837758389295
314,11.349802651751881,11.349802651751881,10.405559429357224,51.019758970381545,4.383782478401896,34.19089912185933,16.67905361293705,4.904028634268387,2.1149362590941982,4.330837758389295
315,11.349802651751881,11.349802651751881,10.405559429357224,51.019758970381545,4.383782478401896,34.19089912185933,16.67905361293705,4.904028634268387,2.1149362590941982,4.330837758389295
316,11.349802651751881,11.349802651751881,10.405559429357224,51.019758970381545,4.383782478401896,34.19089912185933,16.67905361293705,4.904028634268387,2.1149362590941982,4.330837758389295
317,11.349802651751881,11.349802651751881,10.405559429357224,51.019758970381545,4.383782478401896,34.19089912185933,16.67905361293705,4.904028634268387,2.1149362590941982,4.330837758389295
318,11.349802651751881,11.349802651751881,10.405559429357224,51.019758970381545,4.383782478401896,34.19089912185933,16.67905361293705,4.904028634268387,2.1149362590941982,4.330837758389295
319,11.349802651751881,11.349802651751881,10.405559429357224,51.019758970381545,4.383782478401896,34.19089912185933,16.67905361293705,4.904028634268387,2.1149362590941982,4.330837758389295
320,11.349802651751881,11.349802651751881,10.405559429357224,51.019758970381545,4.383782478401896,34.19089912185933,16.67905361293705,4.904028634268387,2.1149362590941982,4.330837758389295
321,11.349802651751881,11.349802651751881,10.405559429357224,51.019758970381545,4.383782478401896,34.19089912185933,16.67905361293705,4.904028634268387,2.1149362590941982,4.330837758389295
322,11.349802651751881,11.349802651751881,10.405559429357224,51.019758970381545,4.383782478401896,34.19089912185933,16.67905361293705,4.904028634268387,2.1149362590941982,4.330837758389295
323,11.349802651751881,11.349802651751881,10.405559429357224,51.019758970381545,4.383782478401896,34.19089912185933,16.67905361293705,4.904028634268387,2.1149362590941982,4.330837758389295
324,11.349802651751881,11.349802651751881,10.405559429357224,51.019758970381545,4.383782478401896,34.19089912185933,16.67905361293705,4.904028634268387,2.1149362590941982,4.330837758389295
325,11.349802651751881,11.349802651751881,10.405559429357224,51.019758970381545,4.383782478401896,34.19089912185933,16.67905361293705,4.904028634268387,2.1149362590941982,4.330837758389295
326,11.349802651751881,11.349802651751881,10.405559429357224,51.019758970381545,4.383782478401896,34.19089912185933,16.67905361293705,4.904028634268387,2.1149362590941982,4.330837758389295
327,11.349802651751881,11.349802651751881,10.405559429357224,51.019758970381545,4.383782478401896,34.19089912185933,16.67905361293705,4.904028634268387,2.1149362590941982,4.330837758389295
328,11.349802651751881,11.349802651751881,10.405559429357224,51.019758970381545,4.383782478401896,34.19089912185933,16.67905361293705,4.904028634268387,2.1149362590941982,4.330837758389295
329,11.349802651751881,11.349802651751881,10.405559429357224,51.019758970381545,4.383782478401896,34.19089912185933,16.67905361293705,4.904028634268387,2.1149362590941982,4.330837758389295
330,11.349802651751881,11.349802651751881,10.405559429357224,51.019758970381545,4.383782478401896,34.19089912185933,16.67905361293705,4.904028634268387,2.1149362590941982,4.330837758389295
331,11.349802651751881,11.349802651751881,10.405559429357224,51.019758970381545,4.383782478401896,34.19089912185933,16.67905361293705,4.904028634268387,2.1149362590941982,4.330837758389295
332,11.350673240297402,11.350673240297402,10.408907753420243,51.01158241014826,4.388610714572164,34.19089912185933,16.6771928384009,4.90487253121454,2.1149629506935668,4.330837758389295
333,11.350673240297402,11.350673240297402,10.408907753420243,51.01158241014826,4.388610714572164,34.19089912185933,16.6771928384009,4.90487253121454,2.1149629506935668,4.330837758389295
334,11.350673240297402,11.350673240297402,10.408907753420243,51.01158241014826,4.388610714572164,34.19089912185933,16.6771928384009,4.90487253121454,2.1149629506935668,4.330837758389295
335,11.350916955657429,11.350916955657429,10.425953434205862,51.008547599072074,4.374599844862743,34.19089912185933,16.677543517593964,4.904429071841986,2.1156501254261477,4.330837758389295
336,11.350916955657429,11.350916955657429,10.425953434205862,51.008547599072074,4.374599844862743,34.19089912185933,16.677543517593964,4.904429071841986,2.1156501254261477,4.330837758389295
337,11.353171630154616,11.353171630154616,10.397438295097174,51.07941245413191,4.332250128911591,34.19089912185933,16.67414822821091,4.9068934686572625,2.1154404031080585,4.330837758389295
338,11.353171630154616,11.353171630154616,10.397438295097174,51.07941245413191,4.332250128911591,34.19089912185933,16.67414822821091,4.9068934686572625,2.1154404031080585,4.330837758389295
339,11.353171630154616,11.353171630154616,10.397438295097174,51.07941245413191,4.332250128911591,34.19089912185933,16.67414822821091,4.9068934686572625,2.1154404031080585,4.330837758389295
340,11.353171630154616,11.353171630154616,10.397438295097174,51.07941245413191,4.332250128911591,34.19089912185933,16.67414822821091,4.9068934686572625,2.1154404031080585,4.330837758389295
341,11.353171630154616,11.353171630154616,10.397438295097174,51.07941245413191,4.332250128911591,34.19089912185933,16.67414822821091,4.9068934686572625,2.1154404031080585,4.330837758389295
342,11.353171630154616,11.353171630154616,10.397438295097174,51.07941245413191,4.332250128911591,34.19089912185933,16.67414822821091,4.9068934686572625,2.1154404031080585,4.330837758389295
343,11.353171630154616,11.353171630154616,10.397438295097174,51.07941245413191,4.332250128911591,34.19089912185933,16.67414822821091,4.9068934686572625,2.1154404031080585,4.330837758389295
344,11.353171630154616,11.353171630154616,10.397438295097174,51.07941245413191,4.332250128911591,34.19089912185933,16.67414822821091,4.9068934686572625,2.1154404031080585,4.330837758389295
345,11.353171630154616,11.353171630154616,10.397438295097174,51.07941245413191,4.332250128911591,34.19089912185933,16.67414822821091,4.9068934686572625,2.1154404031080585,4.330837758389295
346,11.353171630154616,11.353171630154616,10.397438295097174,51.07941245413191,4.332250128911591,34.19089912185933,16.67414822821091,4.9068934686572625,2.1154404031080585,4.330837758389295
347,11.353171630154616,11.353171630154616,10.397438295097174,51.07941245413191,4.332250128911591,34.19089912185933,16.67414822821091,4.9068934686572625,2.1154404031080585,4.330837758389295
348,11.353171630154616,11.353171630154616,10.397438295097174,51.07941245413191,4.332250128911591,34.19089912185933,16.67414822821091,4.9068934686572625,2.1154404031080585,4.330837758389295
349,11.353171630154616,11.353171630154616,10.397438295097174,51.07941245413191,4.332250128911591,34.19089912185933,16.67414822821091,4.9068934686572625,2.1154404031080585,4.330837758389295
350,11.353171630154616,11.353171630154616,10.397438295097174,51.07941245413191,4.332250128911591,34.19089912185933,16.67414822821091,4.9068934686572625,2.1154404031080585,4.330837758389295
351,11.353171630154616,11.353171630154616,10.397438295097174,51.07941245413191,4.332250128911591,34.19089912185933,16.67414822821091,4.9068934686572625,2.1154404031080585,4.330837758389295
352,11.353171630154616,11.353171630154616,10.397438295097174,51.07941245413191,4.332250128911591,34.19089912185933,16.67414822821091,4.9068934686572625,2.1154404031080585,4.330837758389295
353,11.353171630154616,11.353171630154616,10.397438295097174,51.07941245413191,4.332250128911591,34.19089912185933,16.67414822821091,4.9068934686572625,2.1154404031080585,4.330837758389295
354,11.353171630154616,11.353171630154616,10.397438295097174,51.07941245413191,4.332250128911591,34.19089912185933,16.67414822821091,4.9068934686572625,2.1154404031080585,4.330837758389295
355,11.353171630154616,11.353171630154616,10.397438295097174,51.07941245413191,4.332250128911591,34.19089912185933,16.67414822821091,4.9068934686572625,2.1154404031080585,4.330837758389295
356,11.353171630154616,11.353171630154616,10.397438295097174,51.07941245413191,4.332250128911591,34.19089912185933,16.67414822821091,4.9068934686572625,2.1154404031080585,4.330837758389295
357,11.353171630154616,11.353171630154616,10.397438295097174,51.07941245413191,4.332250128911591,34.19089912185933,16.67414822821091,4.9068934686572625,2.1154404031080585,4.330837758389295
358,11.353171630154616,11.353171630154616,10.397438295097174,51.07941245413191,4.332250128911591,34.19089912185933,16.67414822821091,4.9068934686572625,2.1154404031080585,4.330837758389295
359,11.353171630154616,11.353171630154616,10.397438295097174,51.07941245413191,4.332250128911591,34.19089912185933,16.67414822821091,4.9068934686572625,2.1154404031080585,4.330837758389295
360,11.353171630154616,11.353171630154616,10.397438295097174,51.07941245413191,4.332250128911591,34.19089912185933,16.67414822821091,4.9068934686572625,2.1154404031080585,4.330837758389295
361,11.353171630154616,11.353171630154616,10.397438295097174,51.07941245413191,4.332250128911591,34.19089912185933,16.67414822821091,4.9068934686572625,2.1154404031080585,4.330837758389295
362,11.353171630154616,11.353171630154616,10.397438295097174,51.07941245413191,4.332250128911591,34.19089912185933,16.67414822821091,4.9068934686572625,2.1154404031080585,4.330837758389295
363,11.353171630154616,11.353171630154616,10.397438295097174,51.07941245413191,4.332250128911591,34.19089912185933,16.67414822821091,4.9068934686572625,2.1154404031080585,4.330837758389295
364,11.353171630154616,11.353171630154616,10.397438295097174,51.07941245413191,4.332250128911591,34.19089912185933,16.67414822821091,4.9068934686572625,2.1154404031080585,4.330837758389295
365,11.353171630154616,11.353171630154616,10.397438295097174,51.07941245413191,4.332250128911591,34.19089912185933,16.67414822821091,4.9068934686572625,2.1154404031080585,4.330837758389295
366,11.353171630154616,11.353171630154616,10.397438295097174,51.07941245413191,4.332250128911591,34.19089912185933,16.67414822821091,4.9068934686572625,2.1154404031080585,4.330837758389295
367,11.353171630154616,11.353171630154616,10.397438295097174,51.07941245413191,4.332250128911591,34.19089912185933,16.67414822821091,4.9068934686572625,2.1154404031080585,4.330837758389295
368,11.353171630154616,11.353171630154616,10.397438295097174,51.07941245413191,4.332250128911591,34.19089912185933,16.67414822821091,4.9068934686572625,2.1154404031080585,4.330837758389295
369,11.353171630154616,11.353171630154616,10.397438295097174,51.07941245413191,4.332250128911591,34.19089912185933,16.67414822821091,4.9068934686572625,2.1154404031080585,4.330837758389295
370,11.353171630154616,11.353171630154616,10.397438295097174,51.07941245413191,4.332250128911591,34.19089912185933,16.67414822821091,4.9068934686572625,2.1154404031080585,4.330837758389295
371,11.353171630154616,11.353171630154616,10.397438295097174,51.07941245413191,4.332250128911591,34.19089912185933,16.67414822821091,4.9068934686572625,2.1154404031080585,4.330837758389295
372,11.353171630154616,11.353171630154616,10.397438295097174,51.07941245413191,4.332250128911591,34.19089912185933,16.67414822821091,4.9068934686572625,2.1154404031080585,4.330837758389295
373,11.353171630154616,11.353171630154616,10.397438295097174,51.07941245413191,4.332250128911591,34.19089912185933,16.67414822821091,4.9068934686572625,2.1154404031080585,4.330837758389295
374,11.353171630154616,11.353171630154616,10.397438295097174,51.07941245413191,4.332250128911591,34.19089912185933,16.67414822821091,4.9068934686572625,2.1154404031080585,4.330837758389295
375,11.353171630154616,11.353171630154616,10.397438295097174,51.07941245413191,4.332250128911591,34.19089912185933,16.67414822821091,4.9068934686572625,2.1154404031080585,4.330837758389295
376,11.353171630154616,11.353171630154616,10.397438295097174,51.07941245413191,4.332250128911591,34.19089912185933,16.67414822821091,4.9068934686572625,2.1154404031080585,4.330837758389295
377,11.353171630154616,11.353171630154616,10.397438295097174,51.07941245413191,4.332250128911591,34.19089912185933,16.67414822821091,4.9068934686572625,2.1154404031080585,4.330837758389295
378,11.353171630154616,11.353171630154616,10.397438295097174,51.07941245413191,4.332250128911591,34.19089912185933,16.67414822821091,4.9068934686572625,2.1154404031080585,4.330837758389295
379,11.353171630154616,11.353171630154616,10.397438295097174,51.07941245413191,4.332250128911591,34.19089912185933,16.67414822821091,4.9068934686572625,2.1154404031080585,4.330837758389295
380,11.353171630154616,11.353171630154616,10.397438295097174,51.07941245413191,4.332250128911591,34.19089912185933,16.67414822821091,4.9068934686572625,2.1154404031080585,4.330837758389295
381,11.353171630154616,11.353171630154616,10.397438295097174,51.07941245413191,4.332250128911591,34.19089912185933,16.67414822821091,4.9068934686572625,2.1154404031080585,4.330837758389295
382,11.353171630154616,11.353171630154616,10.397438295097174,51.07941245413191,4.332250128911591,34.19089912185933,16.67414822821091,4.9068934686572625,2.1154404031080585,4.330837758389295
383,11.353171630154616,11.353171630154616,10.397438295097174,51.07941245413191,4.332250128911591,34.19089912185933,16.67414822821091,4.9068934686572625,2.1154404031080585,4.330837758389295
384,11.353171630154616,11.353171630154616,10.397438295097174,51.07941245413191,4.332250128911591,34.19089912185933,16.67414822821091,4.9068934686572625,2.1154404031080585,4.330837758389295
385,11.353171630154616,11.353171630154616,10.397438295097174,51.07941245413191,4.332250128911591,34.19089912185933,16.67414822821091,4.9068934686572625,2.1154404031080585,4.330837758389295
386,11.353171630154616,11.353171630154616,10.397438295097174,51.07941245413191,4.332250128911591,34.19089912185933,16.67414822821091,4.9068934686572625,2.1154404031080585,4.330837758389295
387,11.353171630154616,11.353171630154616,10.397438295097174,51.07941245413191,4.332250128911591,34.19089912185933,16.67414822821091,4.9068934686572625,2.1154404031080585,4.330837758389295
388,11.353171630154616,11.353171630154616,10.397438295097174,51.07941245413191,4.332250128911591,34.19089912185933,16.67414822821091,4.9068934686572625,2.1154404031080585,4.330837758389295
389,11.353171630154616,11.353171630154616,10.397438295097174,51.07941245413191,4.332250128911591,34.19089912185933,16.67414822821091,4.9068934686572625,2.1154404031080585,4.330837758389295
390,11.353171630154616,11.353171630154616,10.397438295097174,51.07941245413191,4.332250128911591,34.19089912185933,16.67414822821091,4.9068934686572625,2.1154404031080585,4.330837758389295
391,11.353171630154616,11.353171630154616,10.397438295097174,51.07941245413191,4.332250128911591,34.19089912185933,16.67414822821091,4.9068934686572625,2.1154404031080585,4.330837758389295
392,11.353171630154616,11.353171630154616,10.397438295097174,51.07941245413191,4.332250128911591,34.19089912185933,16.67414822821091,4.9068934686572625,2.1154404031080585,4.330837758389295
393,11.353171630154616,11.353171630154616,10.397438295097174,51.07941245413191,4.332250128911591,34.19089912185933,16.67414822821091,4.9068934686572625,2.1154404031080585,4.330837758389295
394,11.353171630154616,11.353171630154616,10.397438295097174,51.07941245413191,4.332250128911591,34.19089912185933,16.67414822821091,4.9068934686572625,2.1154404031080585,4.330837758389295
395,11.353171630154616,11.353171630154616,10.397438295097174,51.07941245413191,4.332250128911591,34.19089912185933,16.67414822821091,4.9068934686572625,2.1154404031080585,4.330837758389295
396,11.353171630154616,11.353171630154616,10.397438295097174,51.07941245413191,4.332250128911591,34.19089912185933,16.67414822821091,4.9068934686572625,2.1154404031080585,4.330837758389295
397,11.353171630154616,11.353171630154616,10.397438295097174,51.07941245413191,4.332250128911591,34.19089912185933,16.67414822821091,4.9068934686572625,2.1154404031080585,4.330837758389295
398,11.353171630154616,11.353171630154616,10.397438295097174,51.07941245413191,4.332250128911591,34.19089912185933,16.67414822821091,4.9068934686572625,2.1154404031080585,4.330837758389295
399,11.353171630154616,11.353171630154616,10.397438295097174,51.07941245413191,4.332250128911591,34.19089912185933,16.67414822821091,4.9068934686572625,2.1154404031080585,4.330837758389295
400,11.353171630154616,11.353171630154616,10.397438295097174,51.07941245413191,4.332250128911591,34.19089912185933,16.67414822821091,4.9068934686572625,2.1154404031080585,4.330837758389295
401,11.353171630154616,11.353171630154616,10.397438295097174,51.07941245413191,4.332250128911591,34.19089912185933,16.67414822821091,4.9068934686572625,2.1154404031080585,4.330837758389295
402,11.353171630154616,11.353171630154616,10.397438295097174,51.07941245413191,4.332250128911591,34.19089912185933,16.67414822821091,4.9068934686572625,2.1154404031080585,4.330837758389295
403,11.353171630154616,11.353171630154616,10.397438295097174,51.07941245413191,4.332250128911591,34.19089912185933,16.67414822821091,4.9068934686572625,2.1154404031080585,4.330837758389295
404,11.353171630154616,11.353171630154616,10.397438295097174,51.07941245413191,4.332250128911591,34.19089912185933,16.67414822821091,4.9068934686572625,2.1154404031080585,4.330837758389295
405,11.353171630154616,11.353171630154616,10.397438295097174,51.07941245413191,4.332250128911591,34.19089912185933,16.67414822821091,4.9068934686572625,2.1154404031080585,4.330837758389295
406,11.353171630154616,11.353171630154616,10.397438295097174,51.07941245413191,4.332250128911591,34.19089912185933,16.67414822821091,4.9068934686572625,2.1154404031080585,4.330837758389295
407,11.353171630154616,11.353171630154616,10.397438295097174,51.07941245413191,4.332250128911591,34.19089912185933,16.67414822821091,4.9068934686572625,2.1154404031080585,4.330837758389295
408,11.353171630154616,11.353171630154616,10.397438295097174,51.07941245413191,4.332250128911591,34.19089912185933,16.67414822821091,4.9068934686572625,2.1154404031080585,4.330837758389295
409,11.353171630154616,11.353171630154616,10.397438295097174,51.07941245413191,4.332250128911591,34.19089912185933,16.67414822821091,4.9068934686572625,2.1154404031080585,4.330837758389295
410,11.353237091092426,11.353237091092426,10.401473707910675,51.08274335392373,4.324883816306247,34.19089912185933,16.6749108978093,4.906738399048896,2.1156609336542345,4.330837758389295
411,11.353237091092426,11.353237091092426,10.401473707910675,51.08274335392373,4.324883816306247,34.19089912185933,16.6749108978093,4.906738399048896,2.1156609336542345,4.330837758389295
412,11.353237091092426,11.353237091092426,10.401473707910675,51.08274335392373,4.324883816306247,34.19089912185933,16.6749108978093,4.906738399048896,2.1156609336542345,4.330837758389295
413,11.353237091092426,11.353237091092426,10.401473707910675,51.08274335392373,4.324883816306247,34.19089912185933,16.6749108978093,4.906738399048896,2.1156609336542345,4.330837758389295
414,11.353237091092426,11.353237091092426,10.401473707910675,51.08274335392373,4.324883816306247,34.19089912185933,16.6749108978093,4.906738399048896,2.1156609336542345,4.330837758389295
415,11.353237091092426,11.353237091092426,10.401473707910675,51.08274335392373,4.324883816306247,34.19089912185933,16.6749108978093,4.906738399048896,2.1156609336542345,4.330837758389295
416,11.353237091092426,11.353237091092426,10.401473707910675,51.08274335392373,4.324883816306247,34.19089912185933,16.6749108978093,4.906738399048896,2.1156609336542345,4.330837758389295
417,11.353237091092426,11.353237091092426,10.401473707910675,51.08274335392373,4.324883816306247,34.19089912185933,16.6749108978093,4.906738399048896,2.1156609336542345,4.330837758389295
418,11.353237091092426,11.353237091092426,10.401473707910675,51.08274335392373,4.324883816306247,34.19089912185933,16.6749108978093,4.906738399048896,2.1156609336542345,4.330837758389295
419,11.353237091092426,11.353237091092426,10.401473707910675,51.08274335392373,4.324883816306247,34.19089912185933,16.6749108978093,4.906738399048896,2.1156609336542345,4.330837758389295
420,11.353237091092426,11.353237091092426,10.401473707910675,51.08274335392373,4.324883816306247,34.19089912185933,16.6749108978093,4.906738399048896,2.1156609336542345,4.330837758389295
421,11.353237091092426,11.353237091092426,10.401473707910675,51.08274335392373,4.324883816306247,34.19089912185933,16.6749108978093,4.906738399048896,2.1156609336542345,4.330837758389295
422,11.353237091092426,11.353237091092426,10.401473707910675,51.08274335392373,4.324883816306247,34.19089912185933,16.6749108978093,4.906738399048896,2.1156609336542345,4.330837758389295
423,11.353237091092426,11.353237091092426,10.401473707910675,51.08274335392373,4.324883816306247,34.19089912185933,16.6749108978093,4.906738399048896,2.1156609336542345,4.330837758389295
424,11.353237091092426,11.353237091092426,10.401473707910675,51.08274335392373,4.324883816306247,34.19089912185933,16.6749108978093,4.906738399048896,2.1156609336542345,4.330837758389295
425,11.353237091092426,11.353237091092426,10.401473707910675,51.08274335392373,4.324883816306247,34.19089912185933,16.6749108978093,4.906738399048896,2.1156609336542345,4.330837758389295
426,11.353237091092426,11.353237091092426,10.401473707910675,51.08274335392373,4.324883816306247,34.19089912185933,16.6749108978093,4.906738399048896,2.1156609336542345,4.330837758389295
427,11.353237091092426,11.353237091092426,10.401473707910675,51.08274335392373,4.324883816306247,34.19089912185933,16.6749108978093,4.906738399048896,2.1156609336542345,4.330837758389295
428,11.353237091092426,11.353237091092426,10.401473707910675,51.08274335392373,4.324883816306247,34.19089912185933,16.6749108978093,4.906738399048896,2.1156609336542345,4.330837758389295
429,11.353237091092426,11.353237091092426,10.401473707910675,51.08274335392373,4.324883816306247,34.19089912185933,16.6749108978093,4.906738399048896,2.1156609336542345,4.330837758389295
430,11.353237091092426,11.353237091092426,10.401473707910675,51.08274335392373,4.324883816306247,34.19089912185933,16.6749108978093,4.906738399048896,2.1156609336542345,4.330837758389295
431,11.353237091092426,11.353237091092426,10.401473707910675,51.08274335392373,4.324883816306247,34.19089912185933,16.6749108978093,4.906738399048896,2.1156609336542345,4.330837758389295
432,11.353237091092426,11.353237091092426,10.401473707910675,51.08274335392373,4.324883816306247,34.19089912185933,16.6749108978093,4.906738399048896,2.1156609336542345,4.330837758389295
433,11.353237091092426,11.353237091092426,10.401473707910675,51.08274335392373,4.324883816306247,34.19089912185933,16.6749108978093,4.906738399048896,2.1156609336542345,4.330837758389295
434,11.353237091092426,11.353237091092426,10.401473707910675,51.08274335392373,4.324883816306247,34.19089912185933,16.6749108978093,4.906738399048896,2.1156609336542345,4.330837758389295
435,11.353237091092426,11.353237091092426,10.401473707910675,51.08274335392373,4.324883816306247,34.19089912185933,16.6749108978093,4.906738399048896,2.1156609336542345,4.330837758389295
436,11.353237091092426,11.353237091092426,10.401473707910675,51.08274335392373,4.324883816306247,34.19089912185933,16.6749108978093,4.906738399048896,2.1156609336542345,4.330837758389295
437,11.353237091092426,11.353237091092426,10.401473707910675,51.08274335392373,4.324883816306247,34.19089912185933,16.6749108978093,4.906738399048896,2.1156609336542345,4.330837758389295
438,11.353237091092426,11.353237091092426,10.401473707910675,51.08274335392373,4.324883816306247,34.19089912185933,16.6749108978093,4.906738399048896,2.1156609336542345,4.330837758389295
439,11.353237091092426,11.353237091092426,10.401473707910675,51.08274335392373,4.324883816306247,34.19089912185933,16.6749108978093,4.906738399048896,2.1156609336542345,4.330837758389295
440,11.353237091092426,11.353237091092426,10.401473707910675,51.08274335392373,4.324883816306247,34.19089912185933,16.6749108978093,4.906738399048896,2.1156609336542345,4.330837758389295
441,11.353237091092426,11.353237091092426,10.401473707910675,51.08274335392373,4.324883816306247,34.19089912185933,16.6749108978093,4.906738399048896,2.1156609336542345,4.330837758389295
442,11.353237091092426,11.353237091092426,10.401473707910675,51.08274335392373,4.324883816306247,34.19089912185933,16.6749108978093,4.906738399048896,2.1156609336542345,4.330837758389295
443,11.353237091092426,11.353237091092426,10.401473707910675,51.08274335392373,4.324883816306247,34.19089912185933,16.6749108978093,4.906738399048896,2.1156609336542345,4.330837758389295
444,11.353237091092426,11.353237091092426,10.401473707910675,51.08274335392373,4.324883816306247,34.19089912185933,16.6749108978093,4.906738399048896,2.1156609336542345,4.330837758389295
445,11.353237091092426,11.353237091092426,10.401473707910675,51.08274335392373,4.324883816306247,34.19089912185933,16.6749108978093,4.906738399048896,2.1156609336542345,4.330837758389295
446,11.353237091092426,11.353237091092426,10.401473707910675,51.08274335392373,4.324883816306247,34.19089912185933,16.6749108978093,4.906738399048896,2.1156609336542345,4.330837758389295
447,11.353237091092426,11.353237091092426,10.401473707910675,51.08274335392373,4.324883816306247,34.19089912185933,16.6749108978093,4.906738399048896,2.1156609336542345,4.330837758389295
448,11.353237091092426,11.353237091092426,10.401473707910675,51.08274335392373,4.324883816306247,34.19089912185933,16.6749108978093,4.906738399048896,2.1156609336542345,4.330837758389295
449,11.353237091092426,11.353237091092426,10.401473707910675,51.08274335392373,4.324883816306247,34.19089912185933,16.6749108978093,4.906738399048896,2.1156609336542345,4.330837758389295
450,11.353237091092426,11.353237091092426,10.401473707910675,51.08274335392373,4.324883816306247,34.19089912185933,16.6749108978093,4.906738399048896,2.1156609336542345,4.330837758389295
451,11.353237091092426,11.353237091092426,10.401473707910675,51.08274335392373,4.324883816306247,34.19089912185933,16.6749108978093,4.906738399048896,2.1156609336542345,4.330837758389295
452,11.353237091092426,11.353237091092426,10.401473707910675,51.08274335392373,4.324883816306247,34.19089912185933,16.6749108978093,4.906738399048896,2.1156609336542345,4.330837758389295
453,11.353237091092426,11.353237091092426,10.401473707910675,51.08274335392373,4.324883816306247,34.19089912185933,16.6749108978093,4.906738399048896,2.1156609336542345,4.330837758389295
454,11.353237091092426,11.353237091092426,10.401473707910675,51.08274335392373,4.324883816306247,34.19089912185933,16.6749108978093,4.906738399048896,2.1156609336542345,4.330837758389295
455,11.353237091092426,11.353237091092426,10.401473707910675,51.08274335392373,4.324883816306247,34.19089912185933,16.6749108978093,4.906738399048896,2.1156609336542345,4.330837758389295
456,11.353237091092426,11.353237091092426,10.401473707910675,51.08274335392373,4.324883816306247,34.19089912185933,16.6749108978093,4.906738399048896,2.1156609336542345,4.330837758389295
457,11.353237091092426,11.353237091092426,10.401473707910675,51.08274335392373,4.324883816306247,34.19089912185933,16.6749108978093,4.906738399048896,2.1156609336542345,4.330837758389295
458,11.353237091092426,11.353237091092426,10.401473707910675,51.08274335392373,4.324883816306247,34.19089912185933,16.6749108978093,4.906738399048896,2.1156609336542345,4.330837758389295
459,11.353237091092426,11.353237091092426,10.401473707910675,51.08274335392373,4.324883816306247,34.19089912185933,16.6749108978093,4.906738399048896,2.1156609336542345,4.330837758389295
460,11.353237091092426,11.353237091092426,10.401473707910675,51.08274335392373,4.324883816306247,34.19089912185933,16.6749108978093,4.906738399048896,2.1156609336542345,4.330837758389295
461,11.353237091092426,11.353237091092426,10.401473707910675,51.08274335392373,4.324883816306247,34.19089912185933,16.6749108978093,4.906738399048896,2.1156609336542345,4.330837758389295
462,11.353237091092426,11.353237091092426,10.401473707910675,51.08274335392373,4.324883816306247,34.19089912185933,16.6749108978093,4.906738399048896,2.1156609336542345,4.330837758389295
463,11.353237091092426,11.353237091092426,10.401473707910675,51.08274335392373,4.324883816306247,34.19089912185933,16.6749108978093,4.906738399048896,2.1156609336542345,4.330837758389295
464,11.353237091092426,11.353237091092426,10.401473707910675,51.08274335392373,4.324883816306247,34.19089912185933,16.6749108978093,4.906738399048896,2.1156609336542345,4.330837758389295
465,11.353237091092426,11.353237091092426,10.401473707910675,51.08274335392373,4.324883816306247,34.19089912185933,16.6749108978093,4.906738399048896,2.1156609336542345,4.330837758389295
466,11.353237091092426,11.353237091092426,10.401473707910675,51.08274335392373,4.324883816306247,34.19089912185933,16.6749108978093,4.906738399048896,2.1156609336542345,4.330837758389295
467,11.353237091092426,11.353237091092426,10.401473707910675,51.08274335392373,4.324883816306247,34.19089912185933,16.6749108978093,4.906738399048896,2.1156609336542345,4.330837758389295
468,11.353237091092426,11.353237091092426,10.401473707910675,51.08274335392373,4.324883816306247,34.19089912185933,16.6749108978093,4.906738399048896,2.1156609336542345,4.330837758389295
469,11.353237091092426,11.353237091092426,10.401473707910675,51.08274335392373,4.324883816306247,34.19089912185933,16.6749108978093,4.906738399048896,2.1156609336542345,4.330837758389295
470,11.353237091092426,11.353237091092426,10.401473707910675,51.08274335392373,4.324883816306247,34.19089912185933,16.6749108978093,4.906738399048896,2.1156609336542345,4.330837758389295
471,11.353237091092426,11.353237091092426,10.401473707910675,51.08274335392373,4.324883816306247,34.19089912185933,16.6749108978093,4.906738399048896,2.1156609336542345,4.330837758389295
472,11.353237091092426,11.353237091092426,10.401473707910675,51.08274335392373,4.324883816306247,34.19089912185933,16.6749108978093,4.906738399048896,2.1156609336542345,4.330837758389295
473,11.353237091092426,11.353237091092426,10.401473707910675,51.08274335392373,4.324883816306247,34.19089912185933,16.6749108978093,4.906738399048896,2.1156609336542345,4.330837758389295
474,11.353237091092426,11.353237091092426,10.401473707910675,51.08274335392373,4.324883816306247,34.19089912185933,16.6749108978093,4.906738399048896,2.1156609336542345,4.330837758389295
475,11.353237091092426,11.353237091092426,10.401473707910675,51.08274335392373,4.324883816306247,34.19089912185933,16.6749108978093,4.906738399048896,2.1156609336542345,4.330837758389295
476,11.353237091092426,11.353237091092426,10.401473707910675,51.08274335392373,4.324883816306247,34.19089912185933,16.6749108978093,4.906738399048896,2.1156609336542345,4.330837758389295
477,11.353237091092426,11.353237091092426,10.401473707910675,51.08274335392373,4.324883816306247,34.19089912185933,16.6749108978093,4.906738399048896,2.1156609336542345,4.330837758389295
478,11.353237091092426,11.353237091092426,10.401473707910675,51.08274335392373,4.324883816306247,34.19089912185933,16.6749108978093,4.906738399048896,2.1156609336542345,4.330837758389295
479,11.353237091092426,11.353237091092426,10.401473707910675,51.08274335392373,4.324883816306247,34.19089912185933,16.6749108978093,4.906738399048896,2.1156609336542345,4.330837758389295
480,11.353237091092426,11.353237091092426,10.401473707910675,51.08274335392373,4.324883816306247,34.19089912185933,16.6749108978093,4.906738399048896,2.1156609336542345,4.330837758389295
481,11.353237091092426,11.353237091092426,10.401473707910675,51.08274335392373,4.324883816306247,34.19089912185933,16.6749108978093,4.906738399048896,2.1156609336542345,4.330837758389295
482,11.353237091092426,11.353237091092426,10.401473707910675,51.08274335392373,4.324883816306247,34.19089912185933,16.6749108978093,4.906738399048896,2.1156609336542345,4.330837758389295
483,11.353237091092426,11.353237091092426,10.401473707910675,51.08274335392373,4.324883816306247,34.19089912185933,16.6749108978093,4.906738399048896,2.1156609336542345,4.330837758389295
484,11.353237091092426,11.353237091092426,10.401473707910675,51.08274335392373,4.324883816306247,34.19089912185933,16.6749108978093,4.906738399048896,2.1156609336542345,4.330837758389295
485,11.353237091092426,11.353237091092426,10.401473707910675,51.08274335392373,4.324883816306247,34.19089912185933,16.6749108978093,4.906738399048896,2.1156609336542345,4.330837758389295
486,11.353237091092426,11.353237091092426,10.401473707910675,51.08274335392373,4.324883816306247,34.19089912185933,16.6749108978093,4.906738399048896,2.1156609336542345,4.330837758389295
487,11.353237091092426,11.353237091092426,10.401473707910675,51.08274335392373,4.324883816306247,34.19089912185933,16.6749108978093,4.906738399048896,2.1156609336542345,4.330837758389295
488,11.353237091092426,11.353237091092426,10.401473707910675,51.08274335392373,4.324883816306247,34.19089912185933,16.6749108978093,4.906738399048896,2.1156609336542345,4.330837758389295
489,11.353237091092426,11.353237091092426,10.401473707910675,51.08274335392373,4.324883816306247,34.19089912185933,16.6749108978093,4.906738399048896,2.1156609336542345,4.330837758389295
490,11.353237091092426,11.353237091092426,10.401473707910675,51.08274335392373,4.324883816306247,34.19089912185933,16.6749108978093,4.906738399048896,2.1156609336542345,4.330837758389295
491,11.35387592938849,11.35387592938849,10.415991253578358,51.07238451868567,4.320725105876637,34.19089912185933,16.67483120963753,4.906903040176888,2.116135130822306,4.330837758389295
492,11.35387592938849,11.35387592938849,10.415991253578358,51.07238451868567,4.320725105876637,34.19089912185933,16.67483120963753,4.906903040176888,2.116135130822306,4.330837758389295
493,11.35387592938849,11.35387592938849,10.415991253578358,51.07238451868567,4.320725105876637,34.19089912185933,16.67483120963753,4.906903040176888,2.116135130822306,4.330837758389295
494,11.35387592938849,11.35387592938849,10.415991253578358,51.07238451868567,4.320725105876637,34.19089912185933,16.67483120963753,4.906903040176888,2.116135130822306,4.330837758389295
495,11.35387592938849,11.35387592938849,10.415991253578358,51.07238451868567,4.320725105876637,34.19089912185933,16.67483120963753,4.906903040176888,2.116135130822306,4.330837758389295
496,11.35387592938849,11.35387592938849,10.415991253578358,51.07238451868567,4.320725105876637,34.19089912185933,16.67483120963753,4.906903040176888,2.116135130822306,4.330837758389295
497,11.354246935706463,11.354246935706463,10.417645206039259,51.06751690757305,4.323938764528392,34.19089912185933,16.674299194313228,4.907272700119574,2.1161364771975935,4.330837758389295
498,11.354246935706463,11.354246935706463,10.417645206039259,51.06751690757305,4.323938764528392,34.19089912185933,16.674299194313228,4.907272700119574,2.1161364771975935,4.330837758389295
499,11.354246935706463,11.354246935706463,10.417645206039259,51.06751690757305,4.323938764528392,34.19089912185933,16.674299194313228,4.907272700119574,2.1161364771975935,4.330837758389295
500,11.354246935706463,11.354246935706463,10.417645206039259,51.06751690757305,4.323938764528392,34.19089912185933,16.674299194313228,4.907272700119574,2.1161364771975935,4.330837758389295
501,11.354246935706463,11.354246935706463,10.417645206039259,51.06751690757305,4.323938764528392,34.19089912185933,16.674299194313228,4.907272700119574,2.1161364771975935,4.330837758389295
502,11.354246935706463,11.354246935706463,10.417645206039259,51.06751690757305,4.323938764528392,34.19089912185933,16.674299194313228,4.907272700119574,2.1161364771975935,4.330837758389295
503,11.354246935706463,11.354246935706463,10.417645206039259,51.06751690757305,4.323938764528392,34.19089912185933,16.674299194313228,4.907272700119574,2.1161364771975935,4.330837758389295
504,11.354246935706463,11.354246935706463,10.417645206039259,51.06751690757305,4.323938764528392,34.19089912185933,16.674299194313228,4.907272700119574,2.1161364771975935,4.330837758389295
505,11.354246935706463,11.354246935706463,10.417645206039259,51.06751690757305,4.323938764528392,34.19089912185933,16.674299194313228,4.907272700119574,2.1161364771975935,4.330837758389295
506,11.354246935706463,11.354246935706463,10.417645206039259,51.06751690757305,4.323938764528392,34.19089912185933,16.674299194313228,4.907272700119574,2.1161364771975935,4.330837758389295
507,11.354246935706463,11.354246935706463,10.417645206039259,51.06751690757305,4.323938764528392,34.19089912185933,16.674299194313228,4.907272700119574,2.1161364771975935,4.330837758389295
508,11.354246935706463,11.354246935706463,10.417645206039259,51.06751690757305,4.323938764528392,34.19089912185933,16.674299194313228,4.907272700119574,2.1161364771975935,4.330837758389295
509,11.354246935706463,11.354246935706463,10.417645206039259,51.06751690757305,4.323938764528392,34.19089912185933,16.674299194313228,4.907272700119574,2.1161364771975935,4.330837758389295
510,11.354246935706463,11.354246935706463,10.417645206039259,51.06751690757305,4.323938764528392,34.19089912185933,16.674299194313228,4.907272700119574,2.1161364771975935,4.330837758389295
511,11.354246935706463,11.354246935706463,10.417645206039259,51.06751690757305,4.323938764528392,34.19089912185933,16.674299194313228,4.907272700119574,2.1161364771975935,4.330837758389295
512,11.354246935706463,11.354246935706463,10.417645206039259,51.06751690757305,4.323938764528392,34.19089912185933,16.674299194313228,4.907272700119574,2.1161364771975935,4.330837758389295
513,11.354246935706463,11.354246935706463,10.417645206039259,51.06751690757305,4.323938764528392,34.19089912185933,16.674299194313228,4.907272700119574,2.1161364771975935,4.330837758389295
514,11.354246935706463,11.354246935706463,10.417645206039259,51.06751690757305,4.323938764528392,34.19089912185933,16.674299194313228,4.907272700119574,2.1161364771975935,4.330837758389295
515,11.354246935706463,11.354246935706463,10.417645206039259,51.06751690757305,4.323938764528392,34.19089912185933,16.674299194313228,4.907272700119574,2.1161364771975935,4.330837758389295
516,11.354246935706463,11.354246935706463,10.417645206039259,51.06751690757305,4.323938764528392,34.19089912185933,16.674299194313228,4.907272700119574,2.1161364771975935,4.330837758389295
517,11.354246935706463,11.354246935706463,10.417645206039259,51.06751690757305,4.323938764528392,34.19089912185933,16.674299194313228,4.907272700119574,2.1161364771975935,4.330837758389295
518,11.354246935706463,11.354246935706463,10.417645206039259,51.06751690757305,4.323938764528392,34.19089912185933,16.674299194313228,4.907272700119574,2.1161364771975935,4.330837758389295
519,11.354246935706463,11.354246935706463,10.417645206039259,51.06751690757305,4.323938764528392,34.19089912185933,16.674299194313228,4.907272700119574,2.1161364771975935,4.330837758389295
520,11.354246935706463,11.354246935706463,10.417645206039259,51.06751690757305,4.323938764528392,34.19089912185933,16.674299194313228,4.907272700119574,2.1161364771975935,4.330837758389295
521,11.354246935706463,11.354246935706463,10.417645206039259,51.06751690757305,4.323938764528392,34.19089912185933,16.674299194313228,4.907272700119574,2.1161364771975935,4.330837758389295
522,11.354246935706463,11.354246935706463,10.417645206039259,51.06751690757305,4.323938764528392,34.19089912185933,16.674299194313228,4.907272700119574,2.1161364771975935,4.330837758389295
523,11.354246935706463,11.354246935706463,10.417645206039259,51.06751690757305,4.323938764528392,34.19089912185933,16.674299194313228,4.907272700119574,2.1161364771975935,4.330837758389295
524,11.354246935706463,11.354246935706463,10.417645206039259,51.06751690757305,4.323938764528392,34.19089912185933,16.674299194313228,4.907272700119574,2.1161364771975935,4.330837758389295
525,11.354246935706463,11.354246935706463,10.417645206039259,51.06751690757305,4.323938764528392,34.19089912185933,16.674299194313228,4.907272700119574,2.1161364771975935,4.330837758389295
526,11.354246935706463,11.354246935706463,10.417645206039259,51.06751690757305,4.323938764528392,34.19089912185933,16.674299194313228,4.907272700119574,2.1161364771975935,4.330837758389295
527,11.354246935706463,11.354246935706463,10.417645206039259,51.06751690757305,4.323938764528392,34.19089912185933,16.674299194313228,4.907272700119574,2.1161364771975935,4.330837758389295
528,11.354246935706463,11.354246935706463,10.417645206039259,51.06751690757305,4.323938764528392,34.19089912185933,16.674299194313228,4.907272700119574,2.1161364771975935,4.330837758389295
529,11.354246935706463,11.354246935706463,10.417645206039259,51.06751690757305,4.323938764528392,34.19089912185933,16.674299194313228,4.907272700119574,2.1161364771975935,4.330837758389295
530,11.354246935706463,11.354246935706463,10.417645206039259,51.06751690757305,4.323938764528392,34.19089912185933,16.674299194313228,4.907272700119574,2.1161364771975935,4.330837758389295
531,11.354246935706463,11.354246935706463,10.417645206039259,51.06751690757305,4.323938764528392,34.19089912185933,16.674299194313228,4.907272700119574,2.1161364771975935,4.330837758389295
532,11.354246935706463,11.354246935706463,10.417645206039259,51.06751690757305,4.323938764528392,34.19089912185933,16.674299194313228,4.907272700119574,2.1161364771975935,4.330837758389295
533,11.354246935706463,11.354246935706463,10.417645206039259,51.06751690757305,4.323938764528392,34.19089912185933,16.674299194313228,4.907272700119574,2.1161364771975935,4.330837758389295
534,11.354246935706463,11.354246935706463,10.417645206039259,51.06751690757305,4.323938764528392,34.19089912185933,16.674299194313228,4.907272700119574,2.1161364771975935,4.330837758389295
535,11.354246935706463,11.354246935706463,10.417645206039259,51.06751690757305,4.323938764528392,34.19089912185933,16.674299194313228,4.907272700119574,2.1161364771975935,4.330837758389295
536,11.354246935706463,11.354246935706463,10.417645206039259,51.06751690757305,4.323938764528392,34.19089912185933,16.674299194313228,4.907272700119574,2.1161364771975935,4.330837758389295
537,11.354246935706463,11.354246935706463,10.417645206039259,51.06751690757305,4.323938764528392,34.19089912185933,16.674299194313228,4.907272700119574,2.1161364771975935,4.330837758389295
538,11.354246935706463,11.354246935706463,10.417645206039259,51.06751690757305,4.323938764528392,34.19089912185933,16.674299194313228,4.907272700119574,2.1161364771975935,4.330837758389295
539,11.354246935706463,11.354246935706463,10.417645206039259,51.06751690757305,4.323938764528392,34.19089912185933,16.674299194313228,4.907272700119574,2.1161364771975935,4.330837758389295
540,11.354246935706463,11.354246935706463,10.417645206039259,51.06751690757305,4.323938764528392,34.19089912185933,16.674299194313228,4.907272700119574,2.1161364771975935,4.330837758389295
541,11.354246935706463,11.354246935706463,10.417645206039259,51.06751690757305,4.323938764528392,34.19089912185933,16.674299194313228,4.907272700119574,2.1161364771975935,4.330837758389295
542,11.354246935706463,11.354246935706463,10.417645206039259,51.06751690757305,4.323938764528392,34.19089912185933,16.674299194313228,4.907272700119574,2.1161364771975935,4.330837758389295
543,11.354246935706463,11.354246935706463,10.417645206039259,51.06751690757305,4.323938764528392,34.19089912185933,16.674299194313228,4.907272700119574,2.1161364771975935,4.330837758389295
544,11.354246935706463,11.354246935706463,10.417645206039259,51.06751690757305,4.323938764528392,34.19089912185933,16.674299194313228,4.907272700119574,2.1161364771975935,4.330837758389295
545,11.354246935706463,11.354246935706463,10.417645206039259,51.06751690757305,4.323938764528392,34.19089912185933,16.674299194313228,4.907272700119574,2.1161364771975935,4.330837758389295
546,11.354246935706463,11.354246935706463,10.417645206039259,51.06751690757305,4.323938764528392,34.19089912185933,16.674299194313228,4.907272700119574,2.1161364771975935,4.330837758389295
547,11.354246935706463,11.354246935706463,10.417645206039259,51.06751690757305,4.323938764528392,34.19089912185933,16.674299194313228,4.907272700119574,2.1161364771975935,4.330837758389295
548,11.354246935706463,11.354246935706463,10.417645206039259,51.06751690757305,4.323938764528392,34.19089912185933,16.674299194313228,4.907272700119574,2.1161364771975935,4.330837758389295
549,11.354246935706463,11.354246935706463,10.417645206039259,51.06751690757305,4.323938764528392,34.19089912185933,16.674299194313228,4.907272700119574,2.1161364771975935,4.330837758389295
550,11.354246935706463,11.354246935706463,10.417645206039259,51.06751690757305,4.323938764528392,34.19089912185933,16.674299194313228,4.907272700119574,2.1161364771975935,4.330837758389295
551,11.354246935706463,11.354246935706463,10.417645206039259,51.06751690757305,4.323938764528392,34.19089912185933,16.674299194313228,4.907272700119574,2.1161364771975935,4.330837758389295
552,11.354246935706463,11.354246935706463,10.417645206039259,51.06751690757305,4.323938764528392,34.19089912185933,16.674299194313228,4.907272700119574,2.1161364771975935,4.330837758389295
553,11.354246935706463,11.354246935706463,10.417645206039259,51.06751690757305,4.323938764528392,34.19089912185933,16.674299194313228,4.907272700119574,2.1161364771975935,4.330837758389295
554,11.354246935706463,11.354246935706463,10.417645206039259,51.06751690757305,4.323938764528392,34.19089912185933,16.674299194313228,4.907272700119574,2.1161364771975935,4.330837758389295
555,11.354246935706463,11.354246935706463,10.417645206039259,51.06751690757305,4.323938764528392,34.19089912185933,16.674299194313228,4.907272700119574,2.1161364771975935,4.330837758389295
556,11.354246935706463,11.354246935706463,10.417645206039259,51.06751690757305,4.323938764528392,34.19089912185933,16.674299194313228,4.907272700119574,2.1161364771975935,4.330837758389295
557,11.354246935706463,11.354246935706463,10.417645206039259,51.06751690757305,4.323938764528392,34.19089912185933,16.674299194313228,4.907272700119574,2.1161364771975935,4.330837758389295
558,11.354246935706463,11.354246935706463,10.417645206039259,51.06751690757305,4.323938764528392,34.19089912185933,16.674299194313228,4.907272700119574,2.1161364771975935,4.330837758389295
559,11.354246935706463,11.354246935706463,10.417645206039259,51.06751690757305,4.323938764528392,34.19089912185933,16.674299194313228,4.907272700119574,2.1161364771975935,4.330837758389295
560,11.354246935706463,11.354246935706463,10.417645206039259,51.06751690757305,4.323938764528392,34.19089912185933,16.674299194313228,4.907272700119574,2.1161364771975935,4.330837758389295
561,11.354246935706463,11.354246935706463,10.417645206039259,51.06751690757305,4.323938764528392,34.19089912185933,16.674299194313228,4.907272700119574,2.1161364771975935,4.330837758389295
562,11.354246935706463,11.354246935706463,10.417645206039259,51.06751690757305,4.323938764528392,34.19089912185933,16.674299194313228,4.907272700119574,2.1161364771975935,4.330837758389295
563,11.354246935706463,11.354246935706463,10.417645206039259,51.06751690757305,4.323938764528392,34.19089912185933,16.674299194313228,4.907272700119574,2.1161364771975935,4.330837758389295
564,11.354246935706463,11.354246935706463,10.417645206039259,51.06751690757305,4.323938764528392,34.19089912185933,16.674299194313228,4.907272700119574,2.1161364771975935,4.330837758389295
565,11.354246935706463,11.354246935706463,10.417645206039259,51.06751690757305,4.323938764528392,34.19089912185933,16.674299194313228,4.907272700119574,2.1161364771975935,4.330837758389295
566,11.354246935706463,11.354246935706463,10.417645206039259,51.06751690757305,4.323938764528392,34.19089912185933,16.674299194313228,4.907272700119574,2.1161364771975935,4.330837758389295
567,11.354246935706463,11.354246935706463,10.417645206039259,51.06751690757305,4.323938764528392,34.19089912185933,16.674299194313228,4.907272700119574,2.1161364771975935,4.330837758389295
568,11.354246935706463,11.354246935706463,10.417645206039259,51.06751690757305,4.323938764528392,34.19089912185933,16.674299194313228,4.907272700119574,2.1161364771975935,4.330837758389295
569,11.354246935706463,11.354246935706463,10.417645206039259,51.06751690757305,4.323938764528392,34.19089912185933,16.674299194313228,4.907272700119574,2.1161364771975935,4.330837758389295
570,11.354246935706463,11.354246935706463,10.417645206039259,51.06751690757305,4.323938764528392,34.19089912185933,16.674299194313228,4.907272700119574,2.1161364771975935,4.330837758389295
571,11.354246935706463,11.354246935706463,10.417645206039259,51.06751690757305,4.323938764528392,34.19089912185933,16.674299194313228,4.907272700119574,2.1161364771975935,4.330837758389295
572,11.354246935706463,11.354246935706463,10.417645206039259,51.06751690757305,4.323938764528392,34.19089912185933,16.674299194313228,4.907272700119574,2.1161364771975935,4.330837758389295
573,11.354246935706463,11.354246935706463,10.417645206039259,51.06751690757305,4.323938764528392,34.19089912185933,16.674299194313228,4.907272700119574,2.1161364771975935,4.330837758389295
574,11.354246935706463,11.354246935706463,10.417645206039259,51.06751690757305,4.323938764528392,34.19089912185933,16.674299194313228,4.907272700119574,2.1161364771975935,4.330837758389295
575,11.354246935706463,11.354246935706463,10.417645206039259,51.06751690757305,4.323938764528392,34.19089912185933,16.674299194313228,4.907272700119574,2.1161364771975935,4.330837758389295
576,11.354246935706463,11.354246935706463,10.417645206039259,51.06751690757305,4.323938764528392,34.19089912185933,16.674299194313228,4.907272700119574,2.1161364771975935,4.330837758389295
577,11.354246935706463,11.354246935706463,10.417645206039259,51.06751690757305,4.323938764528392,34.19089912185933,16.674299194313228,4.907272700119574,2.1161364771975935,4.330837758389295
578,11.354246935706463,11.354246935706463,10.417645206039259,51.06751690757305,4.323938764528392,34.19089912185933,16.674299194313228,4.907272700119574,2.1161364771975935,4.330837758389295
579,11.354246935706463,11.354246935706463,10.417645206039259,51.06751690757305,4.323938764528392,34.19089912185933,16.674299194313228,4.907272700119574,2.1161364771975935,4.330837758389295
580,11.354246935706463,11.354246935706463,10.417645206039259,51.06751690757305,4.323938764528392,34.19089912185933,16.674299194313228,4.907272700119574,2.1161364771975935,4.330837758389295
581,11.354246935706463,11.354246935706463,10.417645206039259,51.06751690757305,4.323938764528392,34.19089912185933,16.674299194313228,4.907272700119574,2.1161364771975935,4.330837758389295
582,11.354246935706463,11.354246935706463,10.417645206039259,51.06751690757305,4.323938764528392,34.19089912185933,16.674299194313228,4.907272700119574,2.1161364771975935,4.330837758389295
583,11.354246935706463,11.354246935706463,10.417645206039259,51.06751690757305,4.323938764528392,34.19089912185933,16.674299194313228,4.907272700119574,2.1161364771975935,4.330837758389295
584,11.354246935706463,11.354246935706463,10.417645206039259,51.06751690757305,4.323938764528392,34.19089912185933,16.674299194313228,4.907272700119574,2.1161364771975935,4.330837758389295
585,11.354246935706463,11.354246935706463,10.417645206039259,51.06751690757305,4.323938764528392,34.19089912185933,16.674299194313228,4.907272700119574,2.1161364771975935,4.330837758389295
586,11.354246935706463,11.354246935706463,10.417645206039259,51.06751690757305,4.323938764528392,34.19089912185933,16.674299194313228,4.907272700119574,2.1161364771975935,4.330837758389295
587,11.354246935706463,11.354246935706463,10.417645206039259,51.06751690757305,4.323938764528392,34.19089912185933,16.674299194313228,4.907272700119574,2.1161364771975935,4.330837758389295
588,11.354246935706463,11.354246935706463,10.417645206039259,51.06751690757305,4.323938764528392,34.19089912185933,16.674299194313228,4.907272700119574,2.1161364771975935,4.330837758389295
589,11.354246935706463,11.354246935706463,10.417645206039259,51.06751690757305,4.323938764528392,34.19089912185933,16.674299194313228,4.907272700119574,2.1161364771975935,4.330837758389295
590,11.354246935706463,11.354246935706463,10.417645206039259,51.06751690757305,4.323938764528392,34.19089912185933,16.674299194313228,4.907272700119574,2.1161364771975935,4.330837758389295
591,11.354246935706463,11.354246935706463,10.417645206039259,51.06751690757305,4.323938764528392,34.19089912185933,16.674299194313228,4.907272700119574,2.1161364771975935,4.330837758389295
592,11.354246935706463,11.354246935706463,10.417645206039259,51.06751690757305,4.323938764528392,34.19089912185933,16.674299194313228,4.907272700119574,2.1161364771975935,4.330837758389295
593,11.354246935706463,11.354246935706463,10.417645206039259,51.06751690757305,4.323938764528392,34.19089912185933,16.674299194313228,4.907272700119574,2.1161364771975935,4.330837758389295
594,11.354246935706463,11.354246935706463,10.417645206039259,51.06751690757305,4.323938764528392,34.19089912185933,16.674299194313228,4.907272700119574,2.1161364771975935,4.330837758389295
595,11.354246935706463,11.354246935706463,10.417645206039259,51.06751690757305,4.323938764528392,34.19089912185933,16.674299194313228,4.907272700119574,2.1161364771975935,4.330837758389295
596,11.354246935706463,11.354246935706463,10.417645206039259,51.06751690757305,4.323938764528392,34.19089912185933,16.674299194313228,4.907272700119574,2.1161364771975935,4.330837758389295
597,11.354246935706463,11.354246935706463,10.417645206039259,51.06751690757305,4.323938764528392,34.19089912185933,16.674299194313228,4.907272700119574,2.1161364771975935,4.330837758389295
598,11.354246935706463,11.354246935706463,10.417645206039259,51.06751690757305,4.323938764528392,34.19089912185933,16.674299194313228,4.907272700119574,2.1161364771975935,4.330837758389295
599,11.354246935706463,11.354246935706463,10.417645206039259,51.06751690757305,4.323938764528392,34.19089912185933,16.674299194313228,4.907272700119574,2.1161364771975935,4.330837758389295
600,11.354246935706463,11.354246935706463,10.417645206039259,51.06751690757305,4.323938764528392,34.19089912185933,16.674299194313228,4.907272700119574,2.1161364771975935,4.330837758389295
601,11.354246935706463,11.354246935706463,10.417645206039259,51.06751690757305,4.323938764528392,34.19089912185933,16.674299194313228,4.907272700119574,2.1161364771975935,4.330837758389295
602,11.354610551237727,11.354610551237727,10.430531260540873,51.05784451172316,4.320725105876637,34.19089912185933,16.674466410553666,4.907222233255768,2.1165505595926635,4.330837758389295
603,11.354610551237727,11.354610551237727,10.430531260540873,51.05784451172316,4.320725105876637,34.19089912185933,16.674466410553666,4.907222233255768,2.1165505595926635,4.330837758389295
604,11.354610551237727,11.354610551237727,10.430531260540873,51.05784451172316,4.320725105876637,34.19089912185933,16.674466410553666,4.907222233255768,2.1165505595926635,4.330837758389295
605,11.354610551237727,11.354610551237727,10.430531260540873,51.05784451172316,4.320725105876637,34.19089912185933,16.674466410553666,4.907222233255768,2.1165505595926635,4.330837758389295
606,11.354610551237727,11.354610551237727,10.430531260540873,51.05784451172316,4.320725105876637,34.19089912185933,16.674466410553666,4.907222233255768,2.1165505595926635,4.330837758389295
607,11.354610551237727,11.354610551237727,10.430531260540873,51.05784451172316,4.320725105876637,34.19089912185933,16.674466410553666,4.907222233255768,2.1165505595926635,4.330837758389295
608,11.354610551237727,11.354610551237727,10.430531260540873,51.05784451172316,4.320725105876637,34.19089912185933,16.674466410553666,4.907222233255768,2.1165505595926635,4.330837758389295
609,11.354610551237727,11.354610551237727,10.430531260540873,51.05784451172316,4.320725105876637,34.19089912185933,16.674466410553666,4.907222233255768,2.1165505595926635,4.330837758389295
610,11.354610551237727,11.354610551237727,10.430531260540873,51.05784451172316,4.320725105876637,34.19089912185933,16.674466410553666,4.907222233255768,2.1165505595926635,4.330837758389295
611,11.354610551237727,11.354610551237727,10.430531260540873,51.05784451172316,4.320725105876637,34.19089912185933,16.674466410553666,4.907222233255768,2.1165505595926635,4.330837758389295
612,11.354610551237727,11.354610551237727,10.430531260540873,51.05784451172316,4.320725105876637,34.19089912185933,16.674466410553666,4.907222233255768,2.1165505595926635,4.330837758389295
613,11.354610551237727,11.354610551237727,10.430531260540873,51.05784451172316,4.320725105876637,34.19089912185933,16.674466410553666,4.907222233255768,2.1165505595926635,4.330837758389295
614,11.354610551237727,11.354610551237727,10.430531260540873,51.05784451172316,4.320725105876637,34.19089912185933,16.674466410553666,4.907222233255768,2.1165505595926635,4.330837758389295
615,11.354610551237727,11.354610551237727,10.430531260540873,51.05784451172316,4.320725105876637,34.19089912185933,16.674466410553666,4.907222233255768,2.1165505595926635,4.330837758389295
616,11.354610551237727,11.354610551237727,10.430531260540873,51.05784451172316,4.320725105876637,34.19089912185933,16.674466410553666,4.907222233255768,2.1165505595926635,4.330837758389295
617,11.354610551237727,11.354610551237727,10.430531260540873,51.05784451172316,4.320725105876637,34.19089912185933,16.674466410553666,4.907222233255768,2.1165505595926635,4.330837758389295
618,11.354610551237727,11.354610551237727,10.430531260540873,51.05784451172316,4.320725105876637,34.19089912185933,16.674466410553666,4.907222233255768,2.1165505595926635,4.330837758389295
619,11.354610551237727,11.354610551237727,10.430531260540873,51.05784451172316,4.320725105876637,34.19089912185933,16.674466410553666,4.907222233255768,2.1165505595926635,4.330837758389295
620,11.354610551237727,11.354610551237727,10.430531260540873,51.05784451172316,4.320725105876637,34.19089912185933,16.674466410553666,4.907222233255768,2.1165505595926635,4.330837758389295
621,11.354610551237727,11.354610551237727,10.430531260540873,51.05784451172316,4.320725105876637,34.19089912185933,16.674466410553666,4.907222233255768,2.1165505595926635,4.330837758389295
622,11.354610551237727,11.354610551237727,10.430531260540873,51.05784451172316,4.320725105876637,34.19089912185933,16.674466410553666,4.907222233255768,2.1165505595926635,4.330837758389295
623,11.354610551237727,11.354610551237727,10.430531260540873,51.05784451172316,4.320725105876637,34.19089912185933,16.674466410553666,4.907222233255768,2.1165505595926635,4.330837758389295
624,11.354610551237727,11.354610551237727,10.430531260540873,51.05784451172316,4.320725105876637,34.19089912185933,16.674466410553666,4.907222233255768,2.1165505595926635,4.330837758389295
625,11.354610551237727,11.354610551237727,10.430531260540873,51.05784451172316,4.320725105876637,34.19089912185933,16.674466410553666,4.907222233255768,2.1165505595926635,4.330837758389295
626,11.354610551237727,11.354610551237727,10.430531260540873,51.05784451172316,4.320725105876637,34.19089912185933,16.674466410553666,4.907222233255768,2.1165505595926635,4.330837758389295
627,11.354610551237727,11.354610551237727,10.430531260540873,51.05784451172316,4.320725105876637,34.19089912185933,16.674466410553666,4.907222233255768,2.1165505595926635,4.330837758389295
628,11.354610551237727,11.354610551237727,10.430531260540873,51.05784451172316,4.320725105876637,34.19089912185933,16.674466410553666,4.907222233255768,2.1165505595926635,4.330837758389295
629,11.354610551237727,11.354610551237727,10.430531260540873,51.05784451172316,4.320725105876637,34.19089912185933,16.674466410553666,4.907222233255768,2.1165505595926635,4.330837758389295
630,11.354610551237727,11.354610551237727,10.430531260540873,51.05784451172316,4.320725105876637,34.19089912185933,16.674466410553666,4.907222233255768,2.1165505595926635,4.330837758389295
631,11.354610551237727,11.354610551237727,10.430531260540873,51.05784451172316,4.320725105876637,34.19089912185933,16.674466410553666,4.907222233255768,2.1165505595926635,4.330837758389295
632,11.354610551237727,11.354610551237727,10.430531260540873,51.05784451172316,4.320725105876637,34.19089912185933,16.674466410553666,4.907222233255768,2.1165505595926635,4.330837758389295
633,11.354610551237727,11.354610551237727,10.430531260540873,51.05784451172316,4.320725105876637,34.19089912185933,16.674466410553666,4.907222233255768,2.1165505595926635,4.330837758389295
634,11.354610551237727,11.354610551237727,10.430531260540873,51.05784451172316,4.320725105876637,34.19089912185933,16.674466410553666,4.907222233255768,2.1165505595926635,4.330837758389295
635,11.354610551237727,11.354610551237727,10.430531260540873,51.05784451172316,4.320725105876637,34.19089912185933,16.674466410553666,4.907222233255768,2.1165505595926635,4.330837758389295
636,11.354610551237727,11.354610551237727,10.430531260540873,51.05784451172316,4.320725105876637,34.19089912185933,16.674466410553666,4.907222233255768,2.1165505595926635,4.330837758389295
637,11.354610551237727,11.354610551237727,10.430531260540873,51.05784451172316,4.320725105876637,34.19089912185933,16.674466410553666,4.907222233255768,2.1165505595926635,4.330837758389295
638,11.354610551237727,11.354610551237727,10.430531260540873,51.05784451172316,4.320725105876637,34.19089912185933,16.674466410553666,4.907222233255768,2.1165505595926635,4.330837758389295
639,11.354610551237727,11.354610551237727,10.430531260540873,51.05784451172316,4.320725105876637,34.19089912185933,16.674466410553666,4.907222233255768,2.1165505595926635,4.330837758389295
640,11.354610551237727,11.354610551237727,10.430531260540873,51.05784451172316,4.320725105876637,34.19089912185933,16.674466410553666,4.907222233255768,2.1165505595926635,4.330837758389295
641,11.354610551237727,11.354610551237727,10.430531260540873,51.05784451172316,4.320725105876637,34.19089912185933,16.674466410553666,4.907222233255768,2.1165505595926635,4.330837758389295
642,11.354610551237727,11.354610551237727,10.430531260540873,51.05784451172316,4.320725105876637,34.19089912185933,16.674466410553666,4.907222233255768,2.1165505595926635,4.330837758389295
643,11.354610551237727,11.354610551237727,10.430531260540873,51.05784451172316,4.320725105876637,34.19089912185933,16.674466410553666,4.907222233255768,2.1165505595926635,4.330837758389295
644,11.354610551237727,11.354610551237727,10.430531260540873,51.05784451172316,4.320725105876637,34.19089912185933,16.674466410553666,4.907222233255768,2.1165505595926635,4.330837758389295
645,11.354610551237727,11.354610551237727,10.430531260540873,51.05784451172316,4.320725105876637,34.19089912185933,16.674466410553666,4.907222233255768,2.1165505595926635,4.330837758389295
646,11.354610551237727,11.354610551237727,10.430531260540873,51.05784451172316,4.320725105876637,34.19089912185933,16.674466410553666,4.907222233255768,2.1165505595926635,4.330837758389295
647,11.354610551237727,11.354610551237727,10.430531260540873,51.05784451172316,4.320725105876637,34.19089912185933,16.674466410553666,4.907222233255768,2.1165505595926635,4.330837758389295
648,11.354610551237727,11.354610551237727,10.430531260540873,51.05784451172316,4.320725105876637,34.19089912185933,16.674466410553666,4.907222233255768,2.1165505595926635,4.330837758389295
649,11.354610551237727,11.354610551237727,10.430531260540873,51.05784451172316,4.320725105876637,34.19089912185933,16.674466410553666,4.907222233255768,2.1165505595926635,4.330837758389295
650,11.354610551237727,11.354610551237727,10.430531260540873,51.05784451172316,4.320725105876637,34.19089912185933,16.674466410553666,4.907222233255768,2.1165505595926635,4.330837758389295
651,11.354610551237727,11.354610551237727,10.430531260540873,51.05784451172316,4.320725105876637,34.19089912185933,16.674466410553666,4.907222233255768,2.1165505595926635,4.330837758389295
652,11.354610551237727,11.354610551237727,10.430531260540873,51.05784451172316,4.320725105876637,34.19089912185933,16.674466410553666,4.907222233255768,2.1165505595926635,4.330837758389295
653,11.354610551237727,11.354610551237727,10.430531260540873,51.05784451172316,4.320725105876637,34.19089912185933,16.674466410553666,4.907222233255768,2.1165505595926635,4.330837758389295
654,11.354610551237727,11.354610551237727,10.430531260540873,51.05784451172316,4.320725105876637,34.19089912185933,16.674466410553666,4.907222233255768,2.1165505595926635,4.330837758389295
655,11.354610551237727,11.354610551237727,10.430531260540873,51.05784451172316,4.320725105876637,34.19089912185933,16.674466410553666,4.907222233255768,2.1165505595926635,4.330837758389295
656,11.354610551237727,11.354610551237727,10.430531260540873,51.05784451172316,4.320725105876637,34.19089912185933,16.674466410553666,4.907222233255768,2.1165505595926635,4.330837758389295
657,11.354610551237727,11.354610551237727,10.430531260540873,51.05784451172316,4.320725105876637,34.19089912185933,16.674466410553666,4.907222233255768,2.1165505595926635,4.330837758389295
658,11.354610551237727,11.354610551237727,10.430531260540873,51.05784451172316,4.320725105876637,34.19089912185933,16.674466410553666,4.907222233255768,2.1165505595926635,4.330837758389295
659,11.354610551237727,11.354610551237727,10.430531260540873,51.05784451172316,4.320725105876637,34.19089912185933,16.674466410553666,4.907222233255768,2.1165505595926635,4.330837758389295
660,11.354610551237727,11.354610551237727,10.430531260540873,51.05784451172316,4.320725105876637,34.19089912185933,16.674466410553666,4.907222233255768,2.1165505595926635,4.330837758389295
661,11.354610551237727,11.354610551237727,10.430531260540873,51.05784451172316,4.320725105876637,34.19089912185933,16.674466410553666,4.907222233255768,2.1165505595926635,4.330837758389295
662,11.354610551237727,11.354610551237727,10.430531260540873,51.05784451172316,4.320725105876637,34.19089912185933,16.674466410553666,4.907222233255768,2.1165505595926635,4.330837758389295
663,11.354610551237727,11.354610551237727,10.430531260540873,51.05784451172316,4.320725105876637,34.19089912185933,16.674466410553666,4.907222233255768,2.1165505595926635,4.330837758389295
664,11.354610551237727,11.354610551237727,10.430531260540873,51.05784451172316,4.320725105876637,34.19089912185933,16.674466410553666,4.907222233255768,2.1165505595926635,4.330837758389295
665,11.354610551237727,11.354610551237727,10.430531260540873,51.05784451172316,4.320725105876637,34.19089912185933,16.674466410553666,4.907222233255768,2.1165505595926635,4.330837758389295
666,11.354610551237727,11.354610551237727,10.430531260540873,51.05784451172316,4.320725105876637,34.19089912185933,16.674466410553666,4.907222233255768,2.1165505595926635,4.330837758389295
667,11.354610551237727,11.354610551237727,10.430531260540873,51.05784451172316,4.320725105876637,34.19089912185933,16.674466410553666,4.907222233255768,2.1165505595926635,4.330837758389295
668,11.354610551237727,11.354610551237727,10.430531260540873,51.05784451172316,4.320725105876637,34.19089912185933,16.674466410553666,4.907222233255768,2.1165505595926635,4.330837758389295
669,11.354610551237727,11.354610551237727,10.430531260540873,51.05784451172316,4.320725105876637,34.19089912185933,16.674466410553666,4.907222233255768,2.1165505595926635,4.330837758389295
670,11.354610551237727,11.354610551237727,10.430531260540873,51.05784451172316,4.320725105876637,34.19089912185933,16.674466410553666,4.907222233255768,2.1165505595926635,4.330837758389295
671,11.354610551237727,11.354610551237727,10.430531260540873,51.05784451172316,4.320725105876637,34.19089912185933,16.674466410553666,4.907222233255768,2.1165505595926635,4.330837758389295
672,11.354610551237727,11.354610551237727,10.430531260540873,51.05784451172316,4.320725105876637,34.19089912185933,16.674466410553666,4.907222233255768,2.1165505595926635,4.330837758389295
673,11.354610551237727,11.354610551237727,10.430531260540873,51.05784451172316,4.320725105876637,34.19089912185933,16.674466410553666,4.907222233255768,2.1165505595926635,4.330837758389295
674,11.354610551237727,11.354610551237727,10.430531260540873,51.05784451172316,4.320725105876637,34.19089912185933,16.674466410553666,4.907222233255768,2.1165505595926635,4.330837758389295
675,11.354610551237727,11.354610551237727,10.430531260540873,51.05784451172316,4.320725105876637,34.19089912185933,16.674466410553666,4.907222233255768,2.1165505595926635,4.330837758389295
676,11.354610551237727,11.354610551237727,10.430531260540873,51.05784451172316,4.320725105876637,34.19089912185933,16.674466410553666,4.907222233255768,2.1165505595926635,4.330837758389295
677,11.354610551237727,11.354610551237727,10.430531260540873,51.05784451172316,4.320725105876637,34.19089912185933,16.674466410553666,4.907222233255768,2.1165505595926635,4.330837758389295
678,11.354610551237727,11.354610551237727,10.430531260540873,51.05784451172316,4.320725105876637,34.19089912185933,16.674466410553666,4.907222233255768,2.1165505595926635,4.330837758389295
679,11.354610551237727,11.354610551237727,10.430531260540873,51.05784451172316,4.320725105876637,34.19089912185933,16.674466410553666,4.907222233255768,2.1165505595926635,4.330837758389295
680,11.354610551237727,11.354610551237727,10.430531260540873,51.05784451172316,4.320725105876637,34.19089912185933,16.674466410553666,4.907222233255768,2.1165505595926635,4.330837758389295
681,11.354610551237727,11.354610551237727,10.430531260540873,51.05784451172316,4.320725105876637,34.19089912185933,16.674466410553666,4.907222233255768,2.1165505595926635,4.330837758389295
682,11.354610551237727,11.354610551237727,10.430531260540873,51.05784451172316,4.320725105876637,34.19089912185933,16.674466410553666,4.907222233255768,2.1165505595926635,4.330837758389295
683,11.354610551237727,11.354610551237727,10.430531260540873,51.05784451172316,4.320725105876637,34.19089912185933,16.674466410553666,4.907222233255768,2.1165505595926635,4.330837758389295
684,11.354610551237727,11.354610551237727,10.430531260540873,51.05784451172316,4.320725105876637,34.19089912185933,16.674466410553666,4.907222233255768,2.1165505595926635,4.330837758389295
685,11.354610551237727,11.354610551237727,10.430531260540873,51.05784451172316,4.320725105876637,34.19089912185933,16.674466410553666,4.907222233255768,2.1165505595926635,4.330837758389295
686,11.354610551237727,11.354610551237727,10.430531260540873,51.05784451172316,4.320725105876637,34.19089912185933,16.674466410553666,4.907222233255768,2.1165505595926635,4.330837758389295
687,11.354610551237727,11.354610551237727,10.430531260540873,51.05784451172316,4.320725105876637,34.19089912185933,16.674466410553666,4.907222233255768,2.1165505595926635,4.330837758389295
688,11.354610551237727,11.354610551237727,10.430531260540873,51.05784451172316,4.320725105876637,34.19089912185933,16.674466410553666,4.907222233255768,2.1165505595926635,4.330837758389295
689,11.354610551237727,11.354610551237727,10.430531260540873,51.05784451172316,4.320725105876637,34.19089912185933,16.674466410553666,4.907222233255768,2.1165505595926635,4.330837758389295
690,11.354610551237727,11.354610551237727,10.430531260540873,51.05784451172316,4.320725105876637,34.19089912185933,16.674466410553666,4.907222233255768,2.1165505595926635,4.330837758389295
691,11.354610551237727,11.354610551237727,10.430531260540873,51.05784451172316,4.320725105876637,34.19089912185933,16.674466410553666,4.907222233255768,2.1165505595926635,4.330837758389295
692,11.354610551237727,11.354610551237727,10.430531260540873,51.05784451172316,4.320725105876637,34.19089912185933,16.674466410553666,4.907222233255768,2.1165505595926635,4.330837758389295
693,11.354610551237727,11.354610551237727,10.430531260540873,51.05784451172316,4.320725105876637,34.19089912185933,16.674466410553666,4.907222233255768,2.1165505595926635,4.330837758389295
694,11.354610551237727,11.354610551237727,10.430531260540873,51.05784451172316,4.320725105876637,34.19089912185933,16.674466410553666,4.907222233255768,2.1165505595926635,4.330837758389295
695,11.354610551237727,11.354610551237727,10.430531260540873,51.05784451172316,4.320725105876637,34.19089912185933,16.674466410553666,4.907222233255768,2.1165505595926635,4.330837758389295
696,11.354610551237727,11.354610551237727,10.430531260540873,51.05784451172316,4.320725105876637,34.19089912185933,16.674466410553666,4.907222233255768,2.1165505595926635,4.330837758389295
697,11.354610551237727,11.354610551237727,10.430531260540873,51.05784451172316,4.320725105876637,34.19089912185933,16.674466410553666,4.907222233255768,2.1165505595926635,4.330837758389295
698,11.354610551237727,11.354610551237727,10.430531260540873,51.05784451172316,4.320725105876637,34.19089912185933,16.674466410553666,4.907222233255768,2.1165505595926635,4.330837758389295
699,11.354610551237727,11.354610551237727,10.430531260540873,51.05784451172316,4.320725105876637,34.19089912185933,16.674466410553666,4.907222233255768,2.1165505595926635,4.330837758389295
700,11.354610551237727,11.354610551237727,10.430531260540873,51.05784451172316,4.320725105876637,34.19089912185933,16.674466410553666,4.907222233255768,2.1165505595926635,4.330837758389295
701,11.354610551237727,11.354610551237727,10.430531260540873,51.05784451172316,4.320725105876637,34.19089912185933,16.674466410553666,4.907222233255768,2.1165505595926635,4.330837758389295
702,11.354610551237727,11.354610551237727,10.430531260540873,51.05784451172316,4.320725105876637,34.19089912185933,16.674466410553666,4.907222233255768,2.1165505595926635,4.330837758389295
703,11.354610551237727,11.354610551237727,10.430531260540873,51.05784451172316,4.320725105876637,34.19089912185933,16.674466410553666,4.907222233255768,2.1165505595926635,4.330837758389295
704,11.354610551237727,11.354610551237727,10.430531260540873,51.05784451172316,4.320725105876637,34.19089912185933,16.674466410553666,4.907222233255768,2.1165505595926635,4.330837758389295
705,11.354610551237727,11.354610551237727,10.430531260540873,51.05784451172316,4.320725105876637,34.19089912185933,16.674466410553666,4.907222233255768,2.1165505595926635,4.330837758389295
706,11.354610551237727,11.354610551237727,10.430531260540873,51.05784451172316,4.320725105876637,34.19089912185933,16.674466410553666,4.907222233255768,2.1165505595926635,4.330837758389295
707,11.354610551237727,11.354610551237727,10.430531260540873,51.05784451172316,4.320725105876637,34.19089912185933,16.674466410553666,4.907222233255768,2.1165505595926635,4.330837758389295
708,11.354610551237727,11.354610551237727,10.430531260540873,51.05784451172316,4.320725105876637,34.19089912185933,16.674466410553666,4.907222233255768,2.1165505595926635,4.330837758389295
709,11.354610551237727,11.354610551237727,10.430531260540873,51.05784451172316,4.320725105876637,34.19089912185933,16.674466410553666,4.907222233255768,2.1165505595926635,4.330837758389295
710,11.354610551237727,11.354610551237727,10.430531260540873,51.05784451172316,4.320725105876637,34.19089912185933,16.674466410553666,4.907222233255768,2.1165505595926635,4.330837758389295
711,11.354610551237727,11.354610551237727,10.430531260540873,51.05784451172316,4.320725105876637,34.19089912185933,16.674466410553666,4.907222233255768,2.1165505595926635,4.330837758389295
712,11.354610551237727,11.354610551237727,10.430531260540873,51.05784451172316,4.320725105876637,34.19089912185933,16.674466410553666,4.907222233255768,2.1165505595926635,4.330837758389295
713,11.354610551237727,11.354610551237727,10.430531260540873,51.05784451172316,4.320725105876637,34.19089912185933,16.674466410553666,4.907222233255768,2.1165505595926635,4.330837758389295
714,11.354610551237727,11.354610551237727,10.430531260540873,51.05784451172316,4.320725105876637,34.19089912185933,16.674466410553666,4.907222233255768,2.1165505595926635,4.330837758389295
715,11.354610551237727,11.354610551237727,10.430531260540873,51.05784451172316,4.320725105876637,34.19089912185933,16.674466410553666,4.907222233255768,2.1165505595926635,4.330837758389295
716,11.354610551237727,11.354610551237727,10.430531260540873,51.05784451172316,4.320725105876637,34.19089912185933,16.674466410553666,4.907222233255768,2.1165505595926635,4.330837758389295
717,11.354610551237727,11.354610551237727,10.430531260540873,51.05784451172316,4.320725105876637,34.19089912185933,16.674466410553666,4.907222233255768,2.1165505595926635,4.330837758389295
718,11.354610551237727,11.354610551237727,10.430531260540873,51.05784451172316,4.320725105876637,34.19089912185933,16.674466410553666,4.907222233255768,2.1165505595926635,4.330837758389295
719,11.354610551237727,11.354610551237727,10.430531260540873,51.05784451172316,4.320725105876637,34.19089912185933,16.674466410553666,4.907222233255768,2.1165505595926635,4.330837758389295
720,11.354610551237727,11.354610551237727,10.430531260540873,51.05784451172316,4.320725105876637,34.19089912185933,16.674466410553666,4.907222233255768,2.1165505595926635,4.330837758389295
721,11.354610551237727,11.354610551237727,10.430531260540873,51.05784451172316,4.320725105876637,34.19089912185933,16.674466410553666,4.907222233255768,2.1165505595926635,4.330837758389295
722,11.354610551237727,11.354610551237727,10.430531260540873,51.05784451172316,4.320725105876637,34.19089912185933,16.674466410553666,4.907222233255768,2.1165505595926635,4.330837758389295
723,11.354610551237727,11.354610551237727,10.430531260540873,51.05784451172316,4.320725105876637,34.19089912185933,16.674466410553666,4.907222233255768,2.1165505595926635,4.330837758389295
724,11.354610551237727,11.354610551237727,10.430531260540873,51.05784451172316,4.320725105876637,34.19089912185933,16.674466410553666,4.907222233255768,2.1165505595926635,4.330837758389295
725,11.354610551237727,11.354610551237727,10.430531260540873,51.05784451172316,4.320725105876637,34.19089912185933,16.674466410553666,4.907222233255768,2.1165505595926635,4.330837758389295
726,11.354610551237727,11.354610551237727,10.430531260540873,51.05784451172316,4.320725105876637,34.19089912185933,16.674466410553666,4.907222233255768,2.1165505595926635,4.330837758389295
727,11.354610551237727,11.354610551237727,10.430531260540873,51.05784451172316,4.320725105876637,34.19089912185933,16.674466410553666,4.907222233255768,2.1165505595926635,4.330837758389295
728,11.354610551237727,11.354610551237727,10.430531260540873,51.05784451172316,4.320725105876637,34.19089912185933,16.674466410553666,4.907222233255768,2.1165505595926635,4.330837758389295
729,11.354610551237727,11.354610551237727,10.430531260540873,51.05784451172316,4.320725105876637,34.19089912185933,16.674466410553666,4.907222233255768,2.1165505595926635,4.330837758389295
730,11.354610551237727,11.354610551237727,10.430531260540873,51.05784451172316,4.320725105876637,34.19089912185933,16.674466410553666,4.907222233255768,2.1165505595926635,4.330837758389295
731,11.354610551237727,11.354610551237727,10.430531260540873,51.05784451172316,4.320725105876637,34.19089912185933,16.674466410553666,4.907222233255768,2.1165505595926635,4.330837758389295
732,11.354610551237727,11.354610551237727,10.430531260540873,51.05784451172316,4.320725105876637,34.19089912185933,16.674466410553666,4.907222233255768,2.1165505595926635,4.330837758389295
733,11.354610551237727,11.354610551237727,10.430531260540873,51.05784451172316,4.320725105876637,34.19089912185933,16.674466410553666,4.907222233255768,2.1165505595926635,4.330837758389295
734,11.354610551237727,11.354610551237727,10.430531260540873,51.05784451172316,4.320725105876637,34.19089912185933,16.674466410553666,4.907222233255768,2.1165505595926635,4.330837758389295
735,11.354610551237727,11.354610551237727,10.430531260540873,51.05784451172316,4.320725105876637,34.19089912185933,16.674466410553666,4.907222233255768,2.1165505595926635,4.330837758389295
736,11.354610551237727,11.354610551237727,10.430531260540873,51.05784451172316,4.320725105876637,34.19089912185933,16.674466410553666,4.907222233255768,2.1165505595926635,4.330837758389295
737,11.354610551237727,11.354610551237727,10.430531260540873,51.05784451172316,4.320725105876637,34.19089912185933,16.674466410553666,4.907222233255768,2.1165505595926635,4.330837758389295
738,11.354610551237727,11.354610551237727,10.430531260540873,51.05784451172316,4.320725105876637,34.19089912185933,16.674466410553666,4.907222233255768,2.1165505595926635,4.330837758389295
739,11.354610551237727,11.354610551237727,10.430531260540873,51.05784451172316,4.320725105876637,34.19089912185933,16.674466410553666,4.907222233255768,2.1165505595926635,4.330837758389295
740,11.354610551237727,11.354610551237727,10.430531260540873,51.05784451172316,4.320725105876637,34.19089912185933,16.674466410553666,4.907222233255768,2.1165505595926635,4.330837758389295
741,11.354610551237727,11.354610551237727,10.430531260540873,51.05784451172316,4.320725105876637,34.19089912185933,16.674466410553666,4.907222233255768,2.1165505595926635,4.330837758389295
742,11.354610551237727,11.354610551237727,10.430531260540873,51.05784451172316,4.320725105876637,34.19089912185933,16.674466410553666,4.907222233255768,2.1165505595926635,4.330837758389295
743,11.354610551237727,11.354610551237727,10.430531260540873,51.05784451172316,4.320725105876637,34.19089912185933,16.674466410553666,4.907222233255768,2.1165505595926635,4.330837758389295
744,11.354610551237727,11.354610551237727,10.430531260540873,51.05784451172316,4.320725105876637,34.19089912185933,16.674466410553666,4.907222233255768,2.1165505595926635,4.330837758389295
745,11.354610551237727,11.354610551237727,10.430531260540873,51.05784451172316,4.320725105876637,34.19089912185933,16.674466410553666,4.907222233255768,2.1165505595926635,4.330837758389295
746,11.354610551237727,11.354610551237727,10.430531260540873,51.05784451172316,4.320725105876637,34.19089912185933,16.674466410553666,4.907222233255768,2.1165505595926635,4.330837758389295
747,11.354610551237727,11.354610551237727,10.430531260540873,51.05784451172316,4.320725105876637,34.19089912185933,16.674466410553666,4.907222233255768,2.1165505595926635,4.330837758389295
748,11.354610551237727,11.354610551237727,10.430531260540873,51.05784451172316,4.320725105876637,34.19089912185933,16.674466410553666,4.907222233255768,2.1165505595926635,4.330837758389295
749,11.354610551237727,11.354610551237727,10.430531260540873,51.05784451172316,4.320725105876637,34.19089912185933,16.674466410553666,4.907222233255768,2.1165505595926635,4.330837758389295
750,11.354610551237727,11.354610551237727,10.430531260540873,51.05784451172316,4.320725105876637,34.19089912185933,16.674466410553666,4.907222233255768,2.1165505595926635,4.330837758389295
751,11.354610551237727,11.354610551237727,10.430531260540873,51.05784451172316,4.320725105876637,34.19089912185933,16.674466410553666,4.907222233255768,2.1165505595926635,4.330837758389295
752,11.354610551237727,11.354610551237727,10.430531260540873,51.05784451172316,4.320725105876637,34.19089912185933,16.674466410553666,4.907222233255768,2.1165505595926635,4.330837758389295
753,11.354610551237727,11.354610551237727,10.430531260540873,51.05784451172316,4.320725105876637,34.19089912185933,16.674466410553666,4.907222233255768,2.1165505595926635,4.330837758389295
754,11.354610551237727,11.354610551237727,10.430531260540873,51.05784451172316,4.320725105876637,34.19089912185933,16.674466410553666,4.907222233255768,2.1165505595926635,4.330837758389295
755,11.354610551237727,11.354610551237727,10.430531260540873,51.05784451172316,4.320725105876637,34.19089912185933,16.674466410553666,4.907222233255768,2.1165505595926635,4.330837758389295
756,11.354610551237727,11.354610551237727,10.430531260540873,51.05784451172316,4.320725105876637,34.19089912185933,16.674466410553666,4.907222233255768,2.1165505595926635,4.330837758389295
757,11.354610551237727,11.354610551237727,10.430531260540873,51.05784451172316,4.320725105876637,34.19089912185933,16.674466410553666,4.907222233255768,2.1165505595926635,4.330837758389295
758,11.354610551237727,11.354610551237727,10.430531260540873,51.05784451172316,4.320725105876637,34.19089912185933,16.674466410553666,4.907222233255768,2.1165505595926635,4.330837758389295
759,11.354610551237727,11.354610551237727,10.430531260540873,51.05784451172316,4.320725105876637,34.19089912185933,16.674466410553666,4.907222233255768,2.1165505595926635,4.330837758389295
760,11.354610551237727,11.354610551237727,10.430531260540873,51.05784451172316,4.320725105876637,34.19089912185933,16.674466410553666,4.907222233255768,2.1165505595926635,4.330837758389295
761,11.354610551237727,11.354610551237727,10.430531260540873,51.05784451172316,4.320725105876637,34.19089912185933,16.674466410553666,4.907222233255768,2.1165505595926635,4.330837758389295
762,11.354610551237727,11.354610551237727,10.430531260540873,51.05784451172316,4.320725105876637,34.19089912185933,16.674466410553666,4.907222233255768,2.1165505595926635,4.330837758389295
763,11.354610551237727,11.354610551237727,10.430531260540873,51.05784451172316,4.320725105876637,34.19089912185933,16.674466410553666,4.907222233255768,2.1165505595926635,4.330837758389295
764,11.354610551237727,11.354610551237727,10.430531260540873,51.05784451172316,4.320725105876637,34.19089912185933,16.674466410553666,4.907222233255768,2.1165505595926635,4.330837758389295
765,11.354610551237727,11.354610551237727,10.430531260540873,51.05784451172316,4.320725105876637,34.19089912185933,16.674466410553666,4.907222233255768,2.1165505595926635,4.330837758389295
766,11.354610551237727,11.354610551237727,10.430531260540873,51.05784451172316,4.320725105876637,34.19089912185933,16.674466410553666,4.907222233255768,2.1165505595926635,4.330837758389295
767,11.354610551237727,11.354610551237727,10.430531260540873,51.05784451172316,4.320725105876637,34.19089912185933,16.674466410553666,4.907222233255768,2.1165505595926635,4.330837758389295
768,11.354610551237727,11.354610551237727,10.430531260540873,51.05784451172316,4.320725105876637,34.19089912185933,16.674466410553666,4.907222233255768,2.1165505595926635,4.330837758389295
769,11.354610551237727,11.354610551237727,10.430531260540873,51.05784451172316,4.320725105876637,34.19089912185933,16.674466410553666,4.907222233255768,2.1165505595926635,4.330837758389295
770,11.354610551237727,11.354610551237727,10.430531260540873,51.05784451172316,4.320725105876637,34.19089912185933,16.674466410553666,4.907222233255768,2.1165505595926635,4.330837758389295
771,11.354610551237727,11.354610551237727,10.430531260540873,51.05784451172316,4.320725105876637,34.19089912185933,16.674466410553666,4.907222233255768,2.1165505595926635,4.330837758389295
772,11.354610551237727,11.354610551237727,10.430531260540873,51.05784451172316,4.320725105876637,34.19089912185933,16.674466410553666,4.907222233255768,2.1165505595926635,4.330837758389295
773,11.354610551237727,11.354610551237727,10.430531260540873,51.05784451172316,4.320725105876637,34.19089912185933,16.674466410553666,4.907222233255768,2.1165505595926635,4.330837758389295
774,11.354610551237727,11.354610551237727,10.430531260540873,51.05784451172316,4.320725105876637,34.19089912185933,16.674466410553666,4.907222233255768,2.1165505595926635,4.330837758389295
775,11.354610551237727,11.354610551237727,10.430531260540873,51.05784451172316,4.320725105876637,34.19089912185933,16.674466410553666,4.907222233255768,2.1165505595926635,4.330837758389295
776,11.354610551237727,11.354610551237727,10.430531260540873,51.05784451172316,4.320725105876637,34.19089912185933,16.674466410553666,4.907222233255768,2.1165505595926635,4.330837758389295
777,11.354610551237727,11.354610551237727,10.430531260540873,51.05784451172316,4.320725105876637,34.19089912185933,16.674466410553666,4.907222233255768,2.1165505595926635,4.330837758389295
778,11.354610551237727,11.354610551237727,10.430531260540873,51.05784451172316,4.320725105876637,34.19089912185933,16.674466410553666,4.907222233255768,2.1165505595926635,4.330837758389295
779,11.354610551237727,11.354610551237727,10.430531260540873,51.05784451172316,4.320725105876637,34.19089912185933,16.674466410553666,4.907222233255768,2.1165505595926635,4.330837758389295
780,11.354610551237727,11.354610551237727,10.430531260540873,51.05784451172316,4.320725105876637,34.19089912185933,16.674466410553666,4.907222233255768,2.1165505595926635,4.330837758389295
781,11.354610551237727,11.354610551237727,10.430531260540873,51.05784451172316,4.320725105876637,34.19089912185933,16.674466410553666,4.907222233255768,2.1165505595926635,4.330837758389295
782,11.354610551237727,11.354610551237727,10.430531260540873,51.05784451172316,4.320725105876637,34.19089912185933,16.674466410553666,4.907222233255768,2.1165505595926635,4.330837758389295
783,11.354610551237727,11.354610551237727,10.430531260540873,51.05784451172316,4.320725105876637,34.19089912185933,16.674466410553666,4.907222233255768,2.1165505595926635,4.330837758389295
784,11.354610551237727,11.354610551237727,10.430531260540873,51.05784451172316,4.320725105876637,34.19089912185933,16.674466410553666,4.907222233255768,2.1165505595926635,4.330837758389295
785,11.354610551237727,11.354610551237727,10.430531260540873,51.05784451172316,4.320725105876637,34.19089912185933,16.674466410553666,4.907222233255768,2.1165505595926635,4.330837758389295
786,11.354610551237727,11.354610551237727,10.430531260540873,51.05784451172316,4.320725105876637,34.19089912185933,16.674466410553666,4.907222233255768,2.1165505595926635,4.330837758389295
787,11.354610551237727,11.354610551237727,10.430531260540873,51.05784451172316,4.320725105876637,34.19089912185933,16.674466410553666,4.907222233255768,2.1165505595926635,4.330837758389295
788,11.354610551237727,11.354610551237727,10.430531260540873,51.05784451172316,4.320725105876637,34.19089912185933,16.674466410553666,4.907222233255768,2.1165505595926635,4.330837758389295
789,11.354610551237727,11.354610551237727,10.430531260540873,51.05784451172316,4.320725105876637,34.19089912185933,16.674466410553666,4.907222233255768,2.1165505595926635,4.330837758389295
790,11.354610551237727,11.354610551237727,10.430531260540873,51.05784451172316,4.320725105876637,34.19089912185933,16.674466410553666,4.907222233255768,2.1165505595926635,4.330837758389295
791,11.354610551237727,11.354610551237727,10.430531260540873,51.05784451172316,4.320725105876637,34.19089912185933,16.674466410553666,4.907222233255768,2.1165505595926635,4.330837758389295
792,11.354610551237727,11.354610551237727,10.430531260540873,51.05784451172316,4.320725105876637,34.19089912185933,16.674466410553666,4.907222233255768,2.1165505595926635,4.330837758389295
793,11.354610551237727,11.354610551237727,10.430531260540873,51.05784451172316,4.320725105876637,34.19089912185933,16.674466410553666,4.907222233255768,2.1165505595926635,4.330837758389295
794,11.354610551237727,11.354610551237727,10.430531260540873,51.05784451172316,4.320725105876637,34.19089912185933,16.674466410553666,4.907222233255768,2.1165505595926635,4.330837758389295
795,11.354610551237727,11.354610551237727,10.430531260540873,51.05784451172316,4.320725105876637,34.19089912185933,16.674466410553666,4.907222233255768,2.1165505595926635,4.330837758389295
796,11.354610551237727,11.354610551237727,10.430531260540873,51.05784451172316,4.320725105876637,34.19089912185933,16.674466410553666,4.907222233255768,2.1165505595926635,4.330837758389295
797,11.354610551237727,11.354610551237727,10.430531260540873,51.05784451172316,4.320725105876637,34.19089912185933,16.674466410553666,4.907222233255768,2.1165505595926635,4.330837758389295
798,11.354610551237727,11.354610551237727,10.430531260540873,51.05784451172316,4.320725105876637,34.19089912185933,16.674466410553666,4.907222233255768,2.1165505595926635,4.330837758389295
799,11.354610551237727,11.354610551237727,10.430531260540873,51.05784451172316,4.320725105876637,34.19089912185933,16.674466410553666,4.907222233255768,2.1165505595926635,4.330837758389295
800,11.354610551237727,11.354610551237727,10.430531260540873,51.05784451172316,4.320725105876637,34.19089912185933,16.674466410553666,4.907222233255768,2.1165505595926635,4.330837758389295
801,11.354610551237727,11.354610551237727,10.430531260540873,51.05784451172316,4.320725105876637,34.19089912185933,16.674466410553666,4.907222233255768,2.1165505595926635,4.330837758389295
802,11.354610551237727,11.354610551237727,10.430531260540873,51.05784451172316,4.320725105876637,34.19089912185933,16.674466410553666,4.907222233255768,2.1165505595926635,4.330837758389295
803,11.354610551237727,11.354610551237727,10.430531260540873,51.05784451172316,4.320725105876637,34.19089912185933,16.674466410553666,4.907222233255768,2.1165505595926635,4.330837758389295
804,11.354610551237727,11.354610551237727,10.430531260540873,51.05784451172316,4.320725105876637,34.19089912185933,16.674466410553666,4.907222233255768,2.1165505595926635,4.330837758389295
805,11.354610551237727,11.354610551237727,10.430531260540873,51.05784451172316,4.320725105876637,34.19089912185933,16.674466410553666,4.907222233255768,2.1165505595926635,4.330837758389295
806,11.354610551237727,11.354610551237727,10.430531260540873,51.05784451172316,4.320725105876637,34.19089912185933,16.674466410553666,4.907222233255768,2.1165505595926635,4.330837758389295
807,11.354610551237727,11.354610551237727,10.430531260540873,51.05784451172316,4.320725105876637,34.19089912185933,16.674466410553666,4.907222233255768,2.1165505595926635,4.330837758389295
808,11.354610551237727,11.354610551237727,10.430531260540873,51.05784451172316,4.320725105876637,34.19089912185933,16.674466410553666,4.907222233255768,2.1165505595926635,4.330837758389295
809,11.354610551237727,11.354610551237727,10.430531260540873,51.05784451172316,4.320725105876637,34.19089912185933,16.674466410553666,4.907222233255768,2.1165505595926635,4.330837758389295
810,11.354610551237727,11.354610551237727,10.430531260540873,51.05784451172316,4.320725105876637,34.19089912185933,16.674466410553666,4.907222233255768,2.1165505595926635,4.330837758389295
811,11.354610551237727,11.354610551237727,10.430531260540873,51.05784451172316,4.320725105876637,34.19089912185933,16.674466410553666,4.907222233255768,2.1165505595926635,4.330837758389295
812,11.354610551237727,11.354610551237727,10.430531260540873,51.05784451172316,4.320725105876637,34.19089912185933,16.674466410553666,4.907222233255768,2.1165505595926635,4.330837758389295
813,11.354610551237727,11.354610551237727,10.430531260540873,51.05784451172316,4.320725105876637,34.19089912185933,16.674466410553666,4.907222233255768,2.1165505595926635,4.330837758389295
814,11.354610551237727,11.354610551237727,10.430531260540873,51.05784451172316,4.320725105876637,34.19089912185933,16.674466410553666,4.907222233255768,2.1165505595926635,4.330837758389295
815,11.354610551237727,11.354610551237727,10.430531260540873,51.05784451172316,4.320725105876637,34.19089912185933,16.674466410553666,4.907222233255768,2.1165505595926635,4.330837758389295
816,11.354610551237727,11.354610551237727,10.430531260540873,51.05784451172316,4.320725105876637,34.19089912185933,16.674466410553666,4.907222233255768,2.1165505595926635,4.330837758389295
817,11.354610551237727,11.354610551237727,10.430531260540873,51.05784451172316,4.320725105876637,34.19089912185933,16.674466410553666,4.907222233255768,2.1165505595926635,4.330837758389295
818,11.354610551237727,11.354610551237727,10.430531260540873,51.05784451172316,4.320725105876637,34.19089912185933,16.674466410553666,4.907222233255768,2.1165505595926635,4.330837758389295
819,11.354610551237727,11.354610551237727,10.430531260540873,51.05784451172316,4.320725105876637,34.19089912185933,16.674466410553666,4.907222233255768,2.1165505595926635,4.330837758389295
820,11.354610551237727,11.354610551237727,10.430531260540873,51.05784451172316,4.320725105876637,34.19089912185933,16.674466410553666,4.907222233255768,2.1165505595926635,4.330837758389295
821,11.354610551237727,11.354610551237727,10.430531260540873,51.05784451172316,4.320725105876637,34.19089912185933,16.674466410553666,4.907222233255768,2.1165505595926635,4.330837758389295
822,11.354610551237727,11.354610551237727,10.430531260540873,51.05784451172316,4.320725105876637,34.19089912185933,16.674466410553666,4.907222233255768,2.1165505595926635,4.330837758389295
823,11.354610551237727,11.354610551237727,10.430531260540873,51.05784451172316,4.320725105876637,34.19089912185933,16.674466410553666,4.907222233255768,2.1165505595926635,4.330837758389295
824,11.354610551237727,11.354610551237727,10.430531260540873,51.05784451172316,4.320725105876637,34.19089912185933,16.674466410553666,4.907222233255768,2.1165505595926635,4.330837758389295
825,11.354610551237727,11.354610551237727,10.430531260540873,51.05784451172316,4.320725105876637,34.19089912185933,16.674466410553666,4.907222233255768,2.1165505595926635,4.330837758389295
826,11.354610551237727,11.354610551237727,10.430531260540873,51.05784451172316,4.320725105876637,34.19089912185933,16.674466410553666,4.907222233255768,2.1165505595926635,4.330837758389295
827,11.354610551237727,11.354610551237727,10.430531260540873,51.05784451172316,4.320725105876637,34.19089912185933,16.674466410553666,4.907222233255768,2.1165505595926635,4.330837758389295
828,11.354610551237727,11.354610551237727,10.430531260540873,51.05784451172316,4.320725105876637,34.19089912185933,16.674466410553666,4.907222233255768,2.1165505595926635,4.330837758389295
829,11.354610551237727,11.354610551237727,10.430531260540873,51.05784451172316,4.320725105876637,34.19089912185933,16.674466410553666,4.907222233255768,2.1165505595926635,4.330837758389295
830,11.354610551237727,11.354610551237727,10.430531260540873,51.05784451172316,4.320725105876637,34.19089912185933,16.674466410553666,4.907222233255768,2.1165505595926635,4.330837758389295
831,11.354610551237727,11.354610551237727,10.430531260540873,51.05784451172316,4.320725105876637,34.19089912185933,16.674466410553666,4.907222233255768,2.1165505595926635,4.330837758389295
832,11.354610551237727,11.354610551237727,10.430531260540873,51.05784451172316,4.320725105876637,34.19089912185933,16.674466410553666,4.907222233255768,2.1165505595926635,4.330837758389295
